-401,143,oHaKKl4QcL3ZX/k8N6SrC9fL73A=,vt2nZmq5Z8cPyA+HBfCpokRdCrw=
-413,128,oHaKKl4QcL3ZX/k8N6SrC9fL73A=,vt2nZmq5Z8cPyA+HBfCpokRdCrw=
-401,129,oHaKKl4QcL3ZX/k8N6SrC9fL73A=,vt2nZmq5Z8cPyA+HBfCpokRdCrw=
-403,130,oHaKKl4QcL3ZX/k8N6SrC9fL73A=,vt2nZmq5Z8cPyA+HBfCpokRdCrw=
-404,130,oHaKKl4QcL3ZX/k8N6SrC9fL73A=,vt2nZmq5Z8cPyA+HBfCpokRdCrw=
-405,131,oHaKKl4QcL3ZX/k8N6SrC9fL73A=,vt2nZmq5Z8cPyA+HBfCpokRdCrw=
-405,130,oHaKKl4QcL3ZX/k8N6SrC9fL73A=,vt2nZmq5Z8cPyA+HBfCpokRdCrw=
-406,130,oHaKKl4QcL3ZX/k8N6SrC9fL73A=,vt2nZmq5Z8cPyA+HBfCpokRdCrw=
-407,130,oHaKKl4QcL3ZX/k8N6SrC9fL73A=,vt2nZmq5Z8cPyA+HBfCpokRdCrw=
-408,130,oHaKKl4QcL3ZX/k8N6SrC9fL73A=,vt2nZmq5Z8cPyA+HBfCpokRdCrw=
-409,130,oHaKKl4QcL3ZX/k8N6SrC9fL73A=,vt2nZmq5Z8cPyA+HBfCpokRdCrw=
-410,130,oHaKKl4QcL3ZX/k8N6SrC9fL73A=,vt2nZmq5Z8cPyA+HBfCpokRdCrw=
-411,130,oHaKKl4QcL3ZX/k8N6SrC9fL73A=,vt2nZmq5Z8cPyA+HBfCpokRdCrw=
-412,130,oHaKKl4QcL3ZX/k8N6SrC9fL73A=,vt2nZmq5Z8cPyA+HBfCpokRdCrw=
-413,130,oHaKKl4QcL3ZX/k8N6SrC9fL73A=,vt2nZmq5Z8cPyA+HBfCpokRdCrw=
-414,130,oHaKKl4QcL3ZX/k8N6SrC9fL73A=,vt2nZmq5Z8cPyA+HBfCpokRdCrw=
-404,131,oHaKKl4QcL3ZX/k8N6SrC9fL73A=,vt2nZmq5Z8cPyA+HBfCpokRdCrw=
-416,130,oHaKKl4QcL3ZX/k8N6SrC9fL73A=,vt2nZmq5Z8cPyA+HBfCpokRdCrw=
-415,130,oHaKKl4QcL3ZX/k8N6SrC9fL73A=,vt2nZmq5Z8cPyA+HBfCpokRdCrw=
-402,143,oHaKKl4QcL3ZX/k8N6SrC9fL73A=,vt2nZmq5Z8cPyA+HBfCpokRdCrw=
-402,130,oHaKKl4QcL3ZX/k8N6SrC9fL73A=,vt2nZmq5Z8cPyA+HBfCpokRdCrw=
-403,143,oHaKKl4QcL3ZX/k8N6SrC9fL73A=,vt2nZmq5Z8cPyA+HBfCpokRdCrw=
-404,143,oHaKKl4QcL3ZX/k8N6SrC9fL73A=,vt2nZmq5Z8cPyA+HBfCpokRdCrw=
-412,128,oHaKKl4QcL3ZX/k8N6SrC9fL73A=,vt2nZmq5Z8cPyA+HBfCpokRdCrw=
-405,143,oHaKKl4QcL3ZX/k8N6SrC9fL73A=,vt2nZmq5Z8cPyA+HBfCpokRdCrw=
-411,128,oHaKKl4QcL3ZX/k8N6SrC9fL73A=,vt2nZmq5Z8cPyA+HBfCpokRdCrw=
-403,131,oHaKKl4QcL3ZX/k8N6SrC9fL73A=,vt2nZmq5Z8cPyA+HBfCpokRdCrw=
-402,131,oHaKKl4QcL3ZX/k8N6SrC9fL73A=,vt2nZmq5Z8cPyA+HBfCpokRdCrw=
-401,131,oHaKKl4QcL3ZX/k8N6SrC9fL73A=,vt2nZmq5Z8cPyA+HBfCpokRdCrw=
-416,132,oHaKKl4QcL3ZX/k8N6SrC9fL73A=,vt2nZmq5Z8cPyA+HBfCpokRdCrw=
-414,129,oHaKKl4QcL3ZX/k8N6SrC9fL73A=,vt2nZmq5Z8cPyA+HBfCpokRdCrw=
-415,132,oHaKKl4QcL3ZX/k8N6SrC9fL73A=,vt2nZmq5Z8cPyA+HBfCpokRdCrw=
-414,132,oHaKKl4QcL3ZX/k8N6SrC9fL73A=,vt2nZmq5Z8cPyA+HBfCpokRdCrw=
-413,132,oHaKKl4QcL3ZX/k8N6SrC9fL73A=,vt2nZmq5Z8cPyA+HBfCpokRdCrw=
-412,132,oHaKKl4QcL3ZX/k8N6SrC9fL73A=,vt2nZmq5Z8cPyA+HBfCpokRdCrw=
-411,132,oHaKKl4QcL3ZX/k8N6SrC9fL73A=,vt2nZmq5Z8cPyA+HBfCpokRdCrw=
-410,132,oHaKKl4QcL3ZX/k8N6SrC9fL73A=,vt2nZmq5Z8cPyA+HBfCpokRdCrw=
-409,132,oHaKKl4QcL3ZX/k8N6SrC9fL73A=,vt2nZmq5Z8cPyA+HBfCpokRdCrw=
-408,132,oHaKKl4QcL3ZX/k8N6SrC9fL73A=,vt2nZmq5Z8cPyA+HBfCpokRdCrw=
-407,132,oHaKKl4QcL3ZX/k8N6SrC9fL73A=,vt2nZmq5Z8cPyA+HBfCpokRdCrw=
-406,132,oHaKKl4QcL3ZX/k8N6SrC9fL73A=,vt2nZmq5Z8cPyA+HBfCpokRdCrw=
-401,130,oHaKKl4QcL3ZX/k8N6SrC9fL73A=,vt2nZmq5Z8cPyA+HBfCpokRdCrw=
-410,128,oHaKKl4QcL3ZX/k8N6SrC9fL73A=,vt2nZmq5Z8cPyA+HBfCpokRdCrw=
-405,132,oHaKKl4QcL3ZX/k8N6SrC9fL73A=,vt2nZmq5Z8cPyA+HBfCpokRdCrw=
-404,132,oHaKKl4QcL3ZX/k8N6SrC9fL73A=,vt2nZmq5Z8cPyA+HBfCpokRdCrw=
-403,132,oHaKKl4QcL3ZX/k8N6SrC9fL73A=,vt2nZmq5Z8cPyA+HBfCpokRdCrw=
-402,132,oHaKKl4QcL3ZX/k8N6SrC9fL73A=,vt2nZmq5Z8cPyA+HBfCpokRdCrw=
-401,132,oHaKKl4QcL3ZX/k8N6SrC9fL73A=,vt2nZmq5Z8cPyA+HBfCpokRdCrw=
-416,133,oHaKKl4QcL3ZX/k8N6SrC9fL73A=,vt2nZmq5Z8cPyA+HBfCpokRdCrw=
-413,129,oHaKKl4QcL3ZX/k8N6SrC9fL73A=,vt2nZmq5Z8cPyA+HBfCpokRdCrw=
-415,133,oHaKKl4QcL3ZX/k8N6SrC9fL73A=,vt2nZmq5Z8cPyA+HBfCpokRdCrw=
-414,133,oHaKKl4QcL3ZX/k8N6SrC9fL73A=,vt2nZmq5Z8cPyA+HBfCpokRdCrw=
-412,129,oHaKKl4QcL3ZX/k8N6SrC9fL73A=,vt2nZmq5Z8cPyA+HBfCpokRdCrw=
-413,133,oHaKKl4QcL3ZX/k8N6SrC9fL73A=,vt2nZmq5Z8cPyA+HBfCpokRdCrw=
-412,133,oHaKKl4QcL3ZX/k8N6SrC9fL73A=,vt2nZmq5Z8cPyA+HBfCpokRdCrw=
-411,133,oHaKKl4QcL3ZX/k8N6SrC9fL73A=,vt2nZmq5Z8cPyA+HBfCpokRdCrw=
-410,133,oHaKKl4QcL3ZX/k8N6SrC9fL73A=,vt2nZmq5Z8cPyA+HBfCpokRdCrw=
-409,133,oHaKKl4QcL3ZX/k8N6SrC9fL73A=,vt2nZmq5Z8cPyA+HBfCpokRdCrw=
-408,133,oHaKKl4QcL3ZX/k8N6SrC9fL73A=,vt2nZmq5Z8cPyA+HBfCpokRdCrw=
-407,133,oHaKKl4QcL3ZX/k8N6SrC9fL73A=,vt2nZmq5Z8cPyA+HBfCpokRdCrw=
-406,133,oHaKKl4QcL3ZX/k8N6SrC9fL73A=,vt2nZmq5Z8cPyA+HBfCpokRdCrw=
-416,131,oHaKKl4QcL3ZX/k8N6SrC9fL73A=,vt2nZmq5Z8cPyA+HBfCpokRdCrw=
-409,128,oHaKKl4QcL3ZX/k8N6SrC9fL73A=,vt2nZmq5Z8cPyA+HBfCpokRdCrw=
-405,133,oHaKKl4QcL3ZX/k8N6SrC9fL73A=,vt2nZmq5Z8cPyA+HBfCpokRdCrw=
-404,133,oHaKKl4QcL3ZX/k8N6SrC9fL73A=,vt2nZmq5Z8cPyA+HBfCpokRdCrw=
-403,133,oHaKKl4QcL3ZX/k8N6SrC9fL73A=,vt2nZmq5Z8cPyA+HBfCpokRdCrw=
-402,133,oHaKKl4QcL3ZX/k8N6SrC9fL73A=,vt2nZmq5Z8cPyA+HBfCpokRdCrw=
-401,133,oHaKKl4QcL3ZX/k8N6SrC9fL73A=,vt2nZmq5Z8cPyA+HBfCpokRdCrw=
-416,134,oHaKKl4QcL3ZX/k8N6SrC9fL73A=,vt2nZmq5Z8cPyA+HBfCpokRdCrw=
-415,134,oHaKKl4QcL3ZX/k8N6SrC9fL73A=,vt2nZmq5Z8cPyA+HBfCpokRdCrw=
-414,134,oHaKKl4QcL3ZX/k8N6SrC9fL73A=,vt2nZmq5Z8cPyA+HBfCpokRdCrw=
-411,129,oHaKKl4QcL3ZX/k8N6SrC9fL73A=,vt2nZmq5Z8cPyA+HBfCpokRdCrw=
-413,134,oHaKKl4QcL3ZX/k8N6SrC9fL73A=,vt2nZmq5Z8cPyA+HBfCpokRdCrw=
-412,134,oHaKKl4QcL3ZX/k8N6SrC9fL73A=,vt2nZmq5Z8cPyA+HBfCpokRdCrw=
-411,134,oHaKKl4QcL3ZX/k8N6SrC9fL73A=,vt2nZmq5Z8cPyA+HBfCpokRdCrw=
-410,134,oHaKKl4QcL3ZX/k8N6SrC9fL73A=,vt2nZmq5Z8cPyA+HBfCpokRdCrw=
-409,134,oHaKKl4QcL3ZX/k8N6SrC9fL73A=,vt2nZmq5Z8cPyA+HBfCpokRdCrw=
-408,134,oHaKKl4QcL3ZX/k8N6SrC9fL73A=,vt2nZmq5Z8cPyA+HBfCpokRdCrw=
-407,134,oHaKKl4QcL3ZX/k8N6SrC9fL73A=,vt2nZmq5Z8cPyA+HBfCpokRdCrw=
-415,131,oHaKKl4QcL3ZX/k8N6SrC9fL73A=,vt2nZmq5Z8cPyA+HBfCpokRdCrw=
-408,128,oHaKKl4QcL3ZX/k8N6SrC9fL73A=,vt2nZmq5Z8cPyA+HBfCpokRdCrw=
-406,134,oHaKKl4QcL3ZX/k8N6SrC9fL73A=,vt2nZmq5Z8cPyA+HBfCpokRdCrw=
-405,134,oHaKKl4QcL3ZX/k8N6SrC9fL73A=,vt2nZmq5Z8cPyA+HBfCpokRdCrw=
-404,134,oHaKKl4QcL3ZX/k8N6SrC9fL73A=,vt2nZmq5Z8cPyA+HBfCpokRdCrw=
-403,134,oHaKKl4QcL3ZX/k8N6SrC9fL73A=,vt2nZmq5Z8cPyA+HBfCpokRdCrw=
-402,134,oHaKKl4QcL3ZX/k8N6SrC9fL73A=,vt2nZmq5Z8cPyA+HBfCpokRdCrw=
-401,134,oHaKKl4QcL3ZX/k8N6SrC9fL73A=,vt2nZmq5Z8cPyA+HBfCpokRdCrw=
-416,135,oHaKKl4QcL3ZX/k8N6SrC9fL73A=,vt2nZmq5Z8cPyA+HBfCpokRdCrw=
-415,135,oHaKKl4QcL3ZX/k8N6SrC9fL73A=,vt2nZmq5Z8cPyA+HBfCpokRdCrw=
-414,135,oHaKKl4QcL3ZX/k8N6SrC9fL73A=,vt2nZmq5Z8cPyA+HBfCpokRdCrw=
-410,129,oHaKKl4QcL3ZX/k8N6SrC9fL73A=,vt2nZmq5Z8cPyA+HBfCpokRdCrw=
-413,135,oHaKKl4QcL3ZX/k8N6SrC9fL73A=,vt2nZmq5Z8cPyA+HBfCpokRdCrw=
-412,135,oHaKKl4QcL3ZX/k8N6SrC9fL73A=,vt2nZmq5Z8cPyA+HBfCpokRdCrw=
-411,135,oHaKKl4QcL3ZX/k8N6SrC9fL73A=,vt2nZmq5Z8cPyA+HBfCpokRdCrw=
-410,135,oHaKKl4QcL3ZX/k8N6SrC9fL73A=,vt2nZmq5Z8cPyA+HBfCpokRdCrw=
-409,135,oHaKKl4QcL3ZX/k8N6SrC9fL73A=,vt2nZmq5Z8cPyA+HBfCpokRdCrw=
-408,135,oHaKKl4QcL3ZX/k8N6SrC9fL73A=,vt2nZmq5Z8cPyA+HBfCpokRdCrw=
-414,131,oHaKKl4QcL3ZX/k8N6SrC9fL73A=,vt2nZmq5Z8cPyA+HBfCpokRdCrw=
-407,128,oHaKKl4QcL3ZX/k8N6SrC9fL73A=,vt2nZmq5Z8cPyA+HBfCpokRdCrw=
-407,135,oHaKKl4QcL3ZX/k8N6SrC9fL73A=,vt2nZmq5Z8cPyA+HBfCpokRdCrw=
-406,135,oHaKKl4QcL3ZX/k8N6SrC9fL73A=,vt2nZmq5Z8cPyA+HBfCpokRdCrw=
-405,135,oHaKKl4QcL3ZX/k8N6SrC9fL73A=,vt2nZmq5Z8cPyA+HBfCpokRdCrw=
-404,135,oHaKKl4QcL3ZX/k8N6SrC9fL73A=,vt2nZmq5Z8cPyA+HBfCpokRdCrw=
-403,135,oHaKKl4QcL3ZX/k8N6SrC9fL73A=,vt2nZmq5Z8cPyA+HBfCpokRdCrw=
-402,135,oHaKKl4QcL3ZX/k8N6SrC9fL73A=,vt2nZmq5Z8cPyA+HBfCpokRdCrw=
-401,135,oHaKKl4QcL3ZX/k8N6SrC9fL73A=,vt2nZmq5Z8cPyA+HBfCpokRdCrw=
-416,136,oHaKKl4QcL3ZX/k8N6SrC9fL73A=,vt2nZmq5Z8cPyA+HBfCpokRdCrw=
-415,136,oHaKKl4QcL3ZX/k8N6SrC9fL73A=,vt2nZmq5Z8cPyA+HBfCpokRdCrw=
-414,136,oHaKKl4QcL3ZX/k8N6SrC9fL73A=,vt2nZmq5Z8cPyA+HBfCpokRdCrw=
-409,129,oHaKKl4QcL3ZX/k8N6SrC9fL73A=,vt2nZmq5Z8cPyA+HBfCpokRdCrw=
-413,136,oHaKKl4QcL3ZX/k8N6SrC9fL73A=,vt2nZmq5Z8cPyA+HBfCpokRdCrw=
-412,136,oHaKKl4QcL3ZX/k8N6SrC9fL73A=,vt2nZmq5Z8cPyA+HBfCpokRdCrw=
-411,136,oHaKKl4QcL3ZX/k8N6SrC9fL73A=,vt2nZmq5Z8cPyA+HBfCpokRdCrw=
-410,136,oHaKKl4QcL3ZX/k8N6SrC9fL73A=,vt2nZmq5Z8cPyA+HBfCpokRdCrw=
-409,136,oHaKKl4QcL3ZX/k8N6SrC9fL73A=,vt2nZmq5Z8cPyA+HBfCpokRdCrw=
-413,131,oHaKKl4QcL3ZX/k8N6SrC9fL73A=,vt2nZmq5Z8cPyA+HBfCpokRdCrw=
-406,128,oHaKKl4QcL3ZX/k8N6SrC9fL73A=,vt2nZmq5Z8cPyA+HBfCpokRdCrw=
-408,136,oHaKKl4QcL3ZX/k8N6SrC9fL73A=,vt2nZmq5Z8cPyA+HBfCpokRdCrw=
-407,136,oHaKKl4QcL3ZX/k8N6SrC9fL73A=,vt2nZmq5Z8cPyA+HBfCpokRdCrw=
-406,136,oHaKKl4QcL3ZX/k8N6SrC9fL73A=,vt2nZmq5Z8cPyA+HBfCpokRdCrw=
-405,136,oHaKKl4QcL3ZX/k8N6SrC9fL73A=,vt2nZmq5Z8cPyA+HBfCpokRdCrw=
-404,136,oHaKKl4QcL3ZX/k8N6SrC9fL73A=,vt2nZmq5Z8cPyA+HBfCpokRdCrw=
-403,136,oHaKKl4QcL3ZX/k8N6SrC9fL73A=,vt2nZmq5Z8cPyA+HBfCpokRdCrw=
-402,136,oHaKKl4QcL3ZX/k8N6SrC9fL73A=,vt2nZmq5Z8cPyA+HBfCpokRdCrw=
-401,136,oHaKKl4QcL3ZX/k8N6SrC9fL73A=,vt2nZmq5Z8cPyA+HBfCpokRdCrw=
-416,137,oHaKKl4QcL3ZX/k8N6SrC9fL73A=,vt2nZmq5Z8cPyA+HBfCpokRdCrw=
-415,137,oHaKKl4QcL3ZX/k8N6SrC9fL73A=,vt2nZmq5Z8cPyA+HBfCpokRdCrw=
-414,137,oHaKKl4QcL3ZX/k8N6SrC9fL73A=,vt2nZmq5Z8cPyA+HBfCpokRdCrw=
-408,129,oHaKKl4QcL3ZX/k8N6SrC9fL73A=,vt2nZmq5Z8cPyA+HBfCpokRdCrw=
-413,137,oHaKKl4QcL3ZX/k8N6SrC9fL73A=,vt2nZmq5Z8cPyA+HBfCpokRdCrw=
-412,137,oHaKKl4QcL3ZX/k8N6SrC9fL73A=,vt2nZmq5Z8cPyA+HBfCpokRdCrw=
-411,137,oHaKKl4QcL3ZX/k8N6SrC9fL73A=,vt2nZmq5Z8cPyA+HBfCpokRdCrw=
-410,137,oHaKKl4QcL3ZX/k8N6SrC9fL73A=,vt2nZmq5Z8cPyA+HBfCpokRdCrw=
-412,131,oHaKKl4QcL3ZX/k8N6SrC9fL73A=,vt2nZmq5Z8cPyA+HBfCpokRdCrw=
-405,128,oHaKKl4QcL3ZX/k8N6SrC9fL73A=,vt2nZmq5Z8cPyA+HBfCpokRdCrw=
-409,137,oHaKKl4QcL3ZX/k8N6SrC9fL73A=,vt2nZmq5Z8cPyA+HBfCpokRdCrw=
-408,137,oHaKKl4QcL3ZX/k8N6SrC9fL73A=,vt2nZmq5Z8cPyA+HBfCpokRdCrw=
-407,137,oHaKKl4QcL3ZX/k8N6SrC9fL73A=,vt2nZmq5Z8cPyA+HBfCpokRdCrw=
-406,137,oHaKKl4QcL3ZX/k8N6SrC9fL73A=,vt2nZmq5Z8cPyA+HBfCpokRdCrw=
-405,137,oHaKKl4QcL3ZX/k8N6SrC9fL73A=,vt2nZmq5Z8cPyA+HBfCpokRdCrw=
-404,137,oHaKKl4QcL3ZX/k8N6SrC9fL73A=,vt2nZmq5Z8cPyA+HBfCpokRdCrw=
-403,137,oHaKKl4QcL3ZX/k8N6SrC9fL73A=,vt2nZmq5Z8cPyA+HBfCpokRdCrw=
-402,137,oHaKKl4QcL3ZX/k8N6SrC9fL73A=,vt2nZmq5Z8cPyA+HBfCpokRdCrw=
-401,137,oHaKKl4QcL3ZX/k8N6SrC9fL73A=,vt2nZmq5Z8cPyA+HBfCpokRdCrw=
-416,138,oHaKKl4QcL3ZX/k8N6SrC9fL73A=,vt2nZmq5Z8cPyA+HBfCpokRdCrw=
-415,138,oHaKKl4QcL3ZX/k8N6SrC9fL73A=,vt2nZmq5Z8cPyA+HBfCpokRdCrw=
-414,138,oHaKKl4QcL3ZX/k8N6SrC9fL73A=,vt2nZmq5Z8cPyA+HBfCpokRdCrw=
-407,129,oHaKKl4QcL3ZX/k8N6SrC9fL73A=,vt2nZmq5Z8cPyA+HBfCpokRdCrw=
-413,138,oHaKKl4QcL3ZX/k8N6SrC9fL73A=,vt2nZmq5Z8cPyA+HBfCpokRdCrw=
-412,138,oHaKKl4QcL3ZX/k8N6SrC9fL73A=,vt2nZmq5Z8cPyA+HBfCpokRdCrw=
-411,138,oHaKKl4QcL3ZX/k8N6SrC9fL73A=,vt2nZmq5Z8cPyA+HBfCpokRdCrw=
-411,131,oHaKKl4QcL3ZX/k8N6SrC9fL73A=,vt2nZmq5Z8cPyA+HBfCpokRdCrw=
-404,128,oHaKKl4QcL3ZX/k8N6SrC9fL73A=,vt2nZmq5Z8cPyA+HBfCpokRdCrw=
-410,138,oHaKKl4QcL3ZX/k8N6SrC9fL73A=,vt2nZmq5Z8cPyA+HBfCpokRdCrw=
-409,138,oHaKKl4QcL3ZX/k8N6SrC9fL73A=,vt2nZmq5Z8cPyA+HBfCpokRdCrw=
-408,138,oHaKKl4QcL3ZX/k8N6SrC9fL73A=,vt2nZmq5Z8cPyA+HBfCpokRdCrw=
-407,138,oHaKKl4QcL3ZX/k8N6SrC9fL73A=,vt2nZmq5Z8cPyA+HBfCpokRdCrw=
-406,138,oHaKKl4QcL3ZX/k8N6SrC9fL73A=,vt2nZmq5Z8cPyA+HBfCpokRdCrw=
-405,138,oHaKKl4QcL3ZX/k8N6SrC9fL73A=,vt2nZmq5Z8cPyA+HBfCpokRdCrw=
-404,138,oHaKKl4QcL3ZX/k8N6SrC9fL73A=,vt2nZmq5Z8cPyA+HBfCpokRdCrw=
-403,138,oHaKKl4QcL3ZX/k8N6SrC9fL73A=,vt2nZmq5Z8cPyA+HBfCpokRdCrw=
-402,138,oHaKKl4QcL3ZX/k8N6SrC9fL73A=,vt2nZmq5Z8cPyA+HBfCpokRdCrw=
-401,138,oHaKKl4QcL3ZX/k8N6SrC9fL73A=,vt2nZmq5Z8cPyA+HBfCpokRdCrw=
-416,139,oHaKKl4QcL3ZX/k8N6SrC9fL73A=,vt2nZmq5Z8cPyA+HBfCpokRdCrw=
-415,139,oHaKKl4QcL3ZX/k8N6SrC9fL73A=,vt2nZmq5Z8cPyA+HBfCpokRdCrw=
-414,139,oHaKKl4QcL3ZX/k8N6SrC9fL73A=,vt2nZmq5Z8cPyA+HBfCpokRdCrw=
-406,129,oHaKKl4QcL3ZX/k8N6SrC9fL73A=,vt2nZmq5Z8cPyA+HBfCpokRdCrw=
-413,139,oHaKKl4QcL3ZX/k8N6SrC9fL73A=,vt2nZmq5Z8cPyA+HBfCpokRdCrw=
-412,139,oHaKKl4QcL3ZX/k8N6SrC9fL73A=,vt2nZmq5Z8cPyA+HBfCpokRdCrw=
-410,131,oHaKKl4QcL3ZX/k8N6SrC9fL73A=,vt2nZmq5Z8cPyA+HBfCpokRdCrw=
-403,128,oHaKKl4QcL3ZX/k8N6SrC9fL73A=,vt2nZmq5Z8cPyA+HBfCpokRdCrw=
-411,139,oHaKKl4QcL3ZX/k8N6SrC9fL73A=,vt2nZmq5Z8cPyA+HBfCpokRdCrw=
-410,139,oHaKKl4QcL3ZX/k8N6SrC9fL73A=,vt2nZmq5Z8cPyA+HBfCpokRdCrw=
-409,139,oHaKKl4QcL3ZX/k8N6SrC9fL73A=,vt2nZmq5Z8cPyA+HBfCpokRdCrw=
-408,139,oHaKKl4QcL3ZX/k8N6SrC9fL73A=,vt2nZmq5Z8cPyA+HBfCpokRdCrw=
-407,139,oHaKKl4QcL3ZX/k8N6SrC9fL73A=,vt2nZmq5Z8cPyA+HBfCpokRdCrw=
-406,139,oHaKKl4QcL3ZX/k8N6SrC9fL73A=,vt2nZmq5Z8cPyA+HBfCpokRdCrw=
-405,139,oHaKKl4QcL3ZX/k8N6SrC9fL73A=,vt2nZmq5Z8cPyA+HBfCpokRdCrw=
-404,139,oHaKKl4QcL3ZX/k8N6SrC9fL73A=,vt2nZmq5Z8cPyA+HBfCpokRdCrw=
-403,139,oHaKKl4QcL3ZX/k8N6SrC9fL73A=,vt2nZmq5Z8cPyA+HBfCpokRdCrw=
-402,139,oHaKKl4QcL3ZX/k8N6SrC9fL73A=,vt2nZmq5Z8cPyA+HBfCpokRdCrw=
-401,139,oHaKKl4QcL3ZX/k8N6SrC9fL73A=,vt2nZmq5Z8cPyA+HBfCpokRdCrw=
-416,140,oHaKKl4QcL3ZX/k8N6SrC9fL73A=,vt2nZmq5Z8cPyA+HBfCpokRdCrw=
-415,140,oHaKKl4QcL3ZX/k8N6SrC9fL73A=,vt2nZmq5Z8cPyA+HBfCpokRdCrw=
-414,140,oHaKKl4QcL3ZX/k8N6SrC9fL73A=,vt2nZmq5Z8cPyA+HBfCpokRdCrw=
-405,129,oHaKKl4QcL3ZX/k8N6SrC9fL73A=,vt2nZmq5Z8cPyA+HBfCpokRdCrw=
-413,140,oHaKKl4QcL3ZX/k8N6SrC9fL73A=,vt2nZmq5Z8cPyA+HBfCpokRdCrw=
-409,131,oHaKKl4QcL3ZX/k8N6SrC9fL73A=,vt2nZmq5Z8cPyA+HBfCpokRdCrw=
-402,128,oHaKKl4QcL3ZX/k8N6SrC9fL73A=,vt2nZmq5Z8cPyA+HBfCpokRdCrw=
-412,140,oHaKKl4QcL3ZX/k8N6SrC9fL73A=,vt2nZmq5Z8cPyA+HBfCpokRdCrw=
-411,140,oHaKKl4QcL3ZX/k8N6SrC9fL73A=,vt2nZmq5Z8cPyA+HBfCpokRdCrw=
-410,140,oHaKKl4QcL3ZX/k8N6SrC9fL73A=,vt2nZmq5Z8cPyA+HBfCpokRdCrw=
-409,140,oHaKKl4QcL3ZX/k8N6SrC9fL73A=,vt2nZmq5Z8cPyA+HBfCpokRdCrw=
-408,140,oHaKKl4QcL3ZX/k8N6SrC9fL73A=,vt2nZmq5Z8cPyA+HBfCpokRdCrw=
-407,140,oHaKKl4QcL3ZX/k8N6SrC9fL73A=,vt2nZmq5Z8cPyA+HBfCpokRdCrw=
-406,140,oHaKKl4QcL3ZX/k8N6SrC9fL73A=,vt2nZmq5Z8cPyA+HBfCpokRdCrw=
-405,140,oHaKKl4QcL3ZX/k8N6SrC9fL73A=,vt2nZmq5Z8cPyA+HBfCpokRdCrw=
-404,140,oHaKKl4QcL3ZX/k8N6SrC9fL73A=,vt2nZmq5Z8cPyA+HBfCpokRdCrw=
-403,140,oHaKKl4QcL3ZX/k8N6SrC9fL73A=,vt2nZmq5Z8cPyA+HBfCpokRdCrw=
-402,140,oHaKKl4QcL3ZX/k8N6SrC9fL73A=,vt2nZmq5Z8cPyA+HBfCpokRdCrw=
-401,140,oHaKKl4QcL3ZX/k8N6SrC9fL73A=,vt2nZmq5Z8cPyA+HBfCpokRdCrw=
-416,141,oHaKKl4QcL3ZX/k8N6SrC9fL73A=,vt2nZmq5Z8cPyA+HBfCpokRdCrw=
-416,128,oHaKKl4QcL3ZX/k8N6SrC9fL73A=,vt2nZmq5Z8cPyA+HBfCpokRdCrw=
-415,141,oHaKKl4QcL3ZX/k8N6SrC9fL73A=,vt2nZmq5Z8cPyA+HBfCpokRdCrw=
-404,129,oHaKKl4QcL3ZX/k8N6SrC9fL73A=,vt2nZmq5Z8cPyA+HBfCpokRdCrw=
-414,141,oHaKKl4QcL3ZX/k8N6SrC9fL73A=,vt2nZmq5Z8cPyA+HBfCpokRdCrw=
-403,129,oHaKKl4QcL3ZX/k8N6SrC9fL73A=,vt2nZmq5Z8cPyA+HBfCpokRdCrw=
-408,131,oHaKKl4QcL3ZX/k8N6SrC9fL73A=,vt2nZmq5Z8cPyA+HBfCpokRdCrw=
-401,128,oHaKKl4QcL3ZX/k8N6SrC9fL73A=,vt2nZmq5Z8cPyA+HBfCpokRdCrw=
-413,141,oHaKKl4QcL3ZX/k8N6SrC9fL73A=,vt2nZmq5Z8cPyA+HBfCpokRdCrw=
-412,141,oHaKKl4QcL3ZX/k8N6SrC9fL73A=,vt2nZmq5Z8cPyA+HBfCpokRdCrw=
-411,141,oHaKKl4QcL3ZX/k8N6SrC9fL73A=,vt2nZmq5Z8cPyA+HBfCpokRdCrw=
-410,141,oHaKKl4QcL3ZX/k8N6SrC9fL73A=,vt2nZmq5Z8cPyA+HBfCpokRdCrw=
-409,141,oHaKKl4QcL3ZX/k8N6SrC9fL73A=,vt2nZmq5Z8cPyA+HBfCpokRdCrw=
-408,141,oHaKKl4QcL3ZX/k8N6SrC9fL73A=,vt2nZmq5Z8cPyA+HBfCpokRdCrw=
-407,141,oHaKKl4QcL3ZX/k8N6SrC9fL73A=,vt2nZmq5Z8cPyA+HBfCpokRdCrw=
-406,141,oHaKKl4QcL3ZX/k8N6SrC9fL73A=,vt2nZmq5Z8cPyA+HBfCpokRdCrw=
-405,141,oHaKKl4QcL3ZX/k8N6SrC9fL73A=,vt2nZmq5Z8cPyA+HBfCpokRdCrw=
-404,141,oHaKKl4QcL3ZX/k8N6SrC9fL73A=,vt2nZmq5Z8cPyA+HBfCpokRdCrw=
-403,141,oHaKKl4QcL3ZX/k8N6SrC9fL73A=,vt2nZmq5Z8cPyA+HBfCpokRdCrw=
-402,141,oHaKKl4QcL3ZX/k8N6SrC9fL73A=,vt2nZmq5Z8cPyA+HBfCpokRdCrw=
-401,141,oHaKKl4QcL3ZX/k8N6SrC9fL73A=,vt2nZmq5Z8cPyA+HBfCpokRdCrw=
-415,128,oHaKKl4QcL3ZX/k8N6SrC9fL73A=,vt2nZmq5Z8cPyA+HBfCpokRdCrw=
-416,142,oHaKKl4QcL3ZX/k8N6SrC9fL73A=,vt2nZmq5Z8cPyA+HBfCpokRdCrw=
-415,142,oHaKKl4QcL3ZX/k8N6SrC9fL73A=,vt2nZmq5Z8cPyA+HBfCpokRdCrw=
-416,129,oHaKKl4QcL3ZX/k8N6SrC9fL73A=,vt2nZmq5Z8cPyA+HBfCpokRdCrw=
-407,131,oHaKKl4QcL3ZX/k8N6SrC9fL73A=,vt2nZmq5Z8cPyA+HBfCpokRdCrw=
-415,129,oHaKKl4QcL3ZX/k8N6SrC9fL73A=,vt2nZmq5Z8cPyA+HBfCpokRdCrw=
-414,142,oHaKKl4QcL3ZX/k8N6SrC9fL73A=,vt2nZmq5Z8cPyA+HBfCpokRdCrw=
-413,142,oHaKKl4QcL3ZX/k8N6SrC9fL73A=,vt2nZmq5Z8cPyA+HBfCpokRdCrw=
-412,142,oHaKKl4QcL3ZX/k8N6SrC9fL73A=,vt2nZmq5Z8cPyA+HBfCpokRdCrw=
-411,142,oHaKKl4QcL3ZX/k8N6SrC9fL73A=,vt2nZmq5Z8cPyA+HBfCpokRdCrw=
-410,142,oHaKKl4QcL3ZX/k8N6SrC9fL73A=,vt2nZmq5Z8cPyA+HBfCpokRdCrw=
-409,142,oHaKKl4QcL3ZX/k8N6SrC9fL73A=,vt2nZmq5Z8cPyA+HBfCpokRdCrw=
-408,142,oHaKKl4QcL3ZX/k8N6SrC9fL73A=,vt2nZmq5Z8cPyA+HBfCpokRdCrw=
-407,142,oHaKKl4QcL3ZX/k8N6SrC9fL73A=,vt2nZmq5Z8cPyA+HBfCpokRdCrw=
-406,142,oHaKKl4QcL3ZX/k8N6SrC9fL73A=,vt2nZmq5Z8cPyA+HBfCpokRdCrw=
-405,142,oHaKKl4QcL3ZX/k8N6SrC9fL73A=,vt2nZmq5Z8cPyA+HBfCpokRdCrw=
-404,142,oHaKKl4QcL3ZX/k8N6SrC9fL73A=,vt2nZmq5Z8cPyA+HBfCpokRdCrw=
-403,142,oHaKKl4QcL3ZX/k8N6SrC9fL73A=,vt2nZmq5Z8cPyA+HBfCpokRdCrw=
-402,142,oHaKKl4QcL3ZX/k8N6SrC9fL73A=,vt2nZmq5Z8cPyA+HBfCpokRdCrw=
-401,142,oHaKKl4QcL3ZX/k8N6SrC9fL73A=,vt2nZmq5Z8cPyA+HBfCpokRdCrw=
-406,131,oHaKKl4QcL3ZX/k8N6SrC9fL73A=,vt2nZmq5Z8cPyA+HBfCpokRdCrw=
-414,128,oHaKKl4QcL3ZX/k8N6SrC9fL73A=,vt2nZmq5Z8cPyA+HBfCpokRdCrw=
-406,143,oHaKKl4QcL3ZX/k8N6SrC9fL73A=,vt2nZmq5Z8cPyA+HBfCpokRdCrw=
-407,143,oHaKKl4QcL3ZX/k8N6SrC9fL73A=,vt2nZmq5Z8cPyA+HBfCpokRdCrw=
-408,143,oHaKKl4QcL3ZX/k8N6SrC9fL73A=,vt2nZmq5Z8cPyA+HBfCpokRdCrw=
-416,143,oHaKKl4QcL3ZX/k8N6SrC9fL73A=,vt2nZmq5Z8cPyA+HBfCpokRdCrw=
-402,129,oHaKKl4QcL3ZX/k8N6SrC9fL73A=,vt2nZmq5Z8cPyA+HBfCpokRdCrw=
-410,143,oHaKKl4QcL3ZX/k8N6SrC9fL73A=,vt2nZmq5Z8cPyA+HBfCpokRdCrw=
-412,143,oHaKKl4QcL3ZX/k8N6SrC9fL73A=,vt2nZmq5Z8cPyA+HBfCpokRdCrw=
-415,143,oHaKKl4QcL3ZX/k8N6SrC9fL73A=,vt2nZmq5Z8cPyA+HBfCpokRdCrw=
-411,143,oHaKKl4QcL3ZX/k8N6SrC9fL73A=,vt2nZmq5Z8cPyA+HBfCpokRdCrw=
-409,143,oHaKKl4QcL3ZX/k8N6SrC9fL73A=,vt2nZmq5Z8cPyA+HBfCpokRdCrw=
-413,143,oHaKKl4QcL3ZX/k8N6SrC9fL73A=,vt2nZmq5Z8cPyA+HBfCpokRdCrw=
-414,143,oHaKKl4QcL3ZX/k8N6SrC9fL73A=,vt2nZmq5Z8cPyA+HBfCpokRdCrw=
-403,146,oHaKKl4QcL3ZX/k8N6SrC9fL73A=,4BjNm7N7Eqju+UK+OrUsGARKj2w=
-413,144,oHaKKl4QcL3ZX/k8N6SrC9fL73A=,4BjNm7N7Eqju+UK+OrUsGARKj2w=
-402,146,oHaKKl4QcL3ZX/k8N6SrC9fL73A=,4BjNm7N7Eqju+UK+OrUsGARKj2w=
-401,159,oHaKKl4QcL3ZX/k8N6SrC9fL73A=,4BjNm7N7Eqju+UK+OrUsGARKj2w=
-402,159,oHaKKl4QcL3ZX/k8N6SrC9fL73A=,4BjNm7N7Eqju+UK+OrUsGARKj2w=
-401,146,oHaKKl4QcL3ZX/k8N6SrC9fL73A=,4BjNm7N7Eqju+UK+OrUsGARKj2w=
-403,159,oHaKKl4QcL3ZX/k8N6SrC9fL73A=,4BjNm7N7Eqju+UK+OrUsGARKj2w=
-404,159,oHaKKl4QcL3ZX/k8N6SrC9fL73A=,4BjNm7N7Eqju+UK+OrUsGARKj2w=
-405,159,oHaKKl4QcL3ZX/k8N6SrC9fL73A=,4BjNm7N7Eqju+UK+OrUsGARKj2w=
-408,159,oHaKKl4QcL3ZX/k8N6SrC9fL73A=,4BjNm7N7Eqju+UK+OrUsGARKj2w=
-411,159,oHaKKl4QcL3ZX/k8N6SrC9fL73A=,4BjNm7N7Eqju+UK+OrUsGARKj2w=
-412,159,oHaKKl4QcL3ZX/k8N6SrC9fL73A=,4BjNm7N7Eqju+UK+OrUsGARKj2w=
-413,159,oHaKKl4QcL3ZX/k8N6SrC9fL73A=,4BjNm7N7Eqju+UK+OrUsGARKj2w=
-414,159,oHaKKl4QcL3ZX/k8N6SrC9fL73A=,4BjNm7N7Eqju+UK+OrUsGARKj2w=
-415,159,oHaKKl4QcL3ZX/k8N6SrC9fL73A=,4BjNm7N7Eqju+UK+OrUsGARKj2w=
-416,147,oHaKKl4QcL3ZX/k8N6SrC9fL73A=,4BjNm7N7Eqju+UK+OrUsGARKj2w=
-410,159,oHaKKl4QcL3ZX/k8N6SrC9fL73A=,4BjNm7N7Eqju+UK+OrUsGARKj2w=
-401,145,oHaKKl4QcL3ZX/k8N6SrC9fL73A=,4BjNm7N7Eqju+UK+OrUsGARKj2w=
-402,145,oHaKKl4QcL3ZX/k8N6SrC9fL73A=,4BjNm7N7Eqju+UK+OrUsGARKj2w=
-403,145,oHaKKl4QcL3ZX/k8N6SrC9fL73A=,4BjNm7N7Eqju+UK+OrUsGARKj2w=
-404,145,oHaKKl4QcL3ZX/k8N6SrC9fL73A=,4BjNm7N7Eqju+UK+OrUsGARKj2w=
-415,145,oHaKKl4QcL3ZX/k8N6SrC9fL73A=,4BjNm7N7Eqju+UK+OrUsGARKj2w=
-406,159,oHaKKl4QcL3ZX/k8N6SrC9fL73A=,4BjNm7N7Eqju+UK+OrUsGARKj2w=
-409,159,oHaKKl4QcL3ZX/k8N6SrC9fL73A=,4BjNm7N7Eqju+UK+OrUsGARKj2w=
-405,145,oHaKKl4QcL3ZX/k8N6SrC9fL73A=,4BjNm7N7Eqju+UK+OrUsGARKj2w=
-407,159,oHaKKl4QcL3ZX/k8N6SrC9fL73A=,4BjNm7N7Eqju+UK+OrUsGARKj2w=
-415,147,oHaKKl4QcL3ZX/k8N6SrC9fL73A=,4BjNm7N7Eqju+UK+OrUsGARKj2w=
-409,145,oHaKKl4QcL3ZX/k8N6SrC9fL73A=,4BjNm7N7Eqju+UK+OrUsGARKj2w=
-406,145,oHaKKl4QcL3ZX/k8N6SrC9fL73A=,4BjNm7N7Eqju+UK+OrUsGARKj2w=
-407,145,oHaKKl4QcL3ZX/k8N6SrC9fL73A=,4BjNm7N7Eqju+UK+OrUsGARKj2w=
-408,145,oHaKKl4QcL3ZX/k8N6SrC9fL73A=,4BjNm7N7Eqju+UK+OrUsGARKj2w=
-410,145,oHaKKl4QcL3ZX/k8N6SrC9fL73A=,4BjNm7N7Eqju+UK+OrUsGARKj2w=
-416,159,oHaKKl4QcL3ZX/k8N6SrC9fL73A=,4BjNm7N7Eqju+UK+OrUsGARKj2w=
-411,145,oHaKKl4QcL3ZX/k8N6SrC9fL73A=,4BjNm7N7Eqju+UK+OrUsGARKj2w=
-414,147,oHaKKl4QcL3ZX/k8N6SrC9fL73A=,4BjNm7N7Eqju+UK+OrUsGARKj2w=
-412,145,oHaKKl4QcL3ZX/k8N6SrC9fL73A=,4BjNm7N7Eqju+UK+OrUsGARKj2w=
-404,146,oHaKKl4QcL3ZX/k8N6SrC9fL73A=,4BjNm7N7Eqju+UK+OrUsGARKj2w=
-414,145,oHaKKl4QcL3ZX/k8N6SrC9fL73A=,4BjNm7N7Eqju+UK+OrUsGARKj2w=
-402,158,oHaKKl4QcL3ZX/k8N6SrC9fL73A=,4BjNm7N7Eqju+UK+OrUsGARKj2w=
-401,158,oHaKKl4QcL3ZX/k8N6SrC9fL73A=,4BjNm7N7Eqju+UK+OrUsGARKj2w=
-413,147,oHaKKl4QcL3ZX/k8N6SrC9fL73A=,4BjNm7N7Eqju+UK+OrUsGARKj2w=
-413,145,oHaKKl4QcL3ZX/k8N6SrC9fL73A=,4BjNm7N7Eqju+UK+OrUsGARKj2w=
-403,158,oHaKKl4QcL3ZX/k8N6SrC9fL73A=,4BjNm7N7Eqju+UK+OrUsGARKj2w=
-414,144,oHaKKl4QcL3ZX/k8N6SrC9fL73A=,4BjNm7N7Eqju+UK+OrUsGARKj2w=
-407,158,oHaKKl4QcL3ZX/k8N6SrC9fL73A=,4BjNm7N7Eqju+UK+OrUsGARKj2w=
-408,158,oHaKKl4QcL3ZX/k8N6SrC9fL73A=,4BjNm7N7Eqju+UK+OrUsGARKj2w=
-411,158,oHaKKl4QcL3ZX/k8N6SrC9fL73A=,4BjNm7N7Eqju+UK+OrUsGARKj2w=
-412,158,oHaKKl4QcL3ZX/k8N6SrC9fL73A=,4BjNm7N7Eqju+UK+OrUsGARKj2w=
-413,158,oHaKKl4QcL3ZX/k8N6SrC9fL73A=,4BjNm7N7Eqju+UK+OrUsGARKj2w=
-414,158,oHaKKl4QcL3ZX/k8N6SrC9fL73A=,4BjNm7N7Eqju+UK+OrUsGARKj2w=
-415,158,oHaKKl4QcL3ZX/k8N6SrC9fL73A=,4BjNm7N7Eqju+UK+OrUsGARKj2w=
-416,158,oHaKKl4QcL3ZX/k8N6SrC9fL73A=,4BjNm7N7Eqju+UK+OrUsGARKj2w=
-405,158,oHaKKl4QcL3ZX/k8N6SrC9fL73A=,4BjNm7N7Eqju+UK+OrUsGARKj2w=
-404,158,oHaKKl4QcL3ZX/k8N6SrC9fL73A=,4BjNm7N7Eqju+UK+OrUsGARKj2w=
-416,146,oHaKKl4QcL3ZX/k8N6SrC9fL73A=,4BjNm7N7Eqju+UK+OrUsGARKj2w=
-410,158,oHaKKl4QcL3ZX/k8N6SrC9fL73A=,4BjNm7N7Eqju+UK+OrUsGARKj2w=
-401,144,oHaKKl4QcL3ZX/k8N6SrC9fL73A=,4BjNm7N7Eqju+UK+OrUsGARKj2w=
-409,158,oHaKKl4QcL3ZX/k8N6SrC9fL73A=,4BjNm7N7Eqju+UK+OrUsGARKj2w=
-412,144,oHaKKl4QcL3ZX/k8N6SrC9fL73A=,4BjNm7N7Eqju+UK+OrUsGARKj2w=
-416,145,oHaKKl4QcL3ZX/k8N6SrC9fL73A=,4BjNm7N7Eqju+UK+OrUsGARKj2w=
-403,157,oHaKKl4QcL3ZX/k8N6SrC9fL73A=,4BjNm7N7Eqju+UK+OrUsGARKj2w=
-402,157,oHaKKl4QcL3ZX/k8N6SrC9fL73A=,4BjNm7N7Eqju+UK+OrUsGARKj2w=
-405,157,oHaKKl4QcL3ZX/k8N6SrC9fL73A=,4BjNm7N7Eqju+UK+OrUsGARKj2w=
-405,146,oHaKKl4QcL3ZX/k8N6SrC9fL73A=,4BjNm7N7Eqju+UK+OrUsGARKj2w=
-412,147,oHaKKl4QcL3ZX/k8N6SrC9fL73A=,4BjNm7N7Eqju+UK+OrUsGARKj2w=
-404,157,oHaKKl4QcL3ZX/k8N6SrC9fL73A=,4BjNm7N7Eqju+UK+OrUsGARKj2w=
-406,158,oHaKKl4QcL3ZX/k8N6SrC9fL73A=,4BjNm7N7Eqju+UK+OrUsGARKj2w=
-411,147,oHaKKl4QcL3ZX/k8N6SrC9fL73A=,4BjNm7N7Eqju+UK+OrUsGARKj2w=
-407,157,oHaKKl4QcL3ZX/k8N6SrC9fL73A=,4BjNm7N7Eqju+UK+OrUsGARKj2w=
-409,157,oHaKKl4QcL3ZX/k8N6SrC9fL73A=,4BjNm7N7Eqju+UK+OrUsGARKj2w=
-410,157,oHaKKl4QcL3ZX/k8N6SrC9fL73A=,4BjNm7N7Eqju+UK+OrUsGARKj2w=
-414,157,oHaKKl4QcL3ZX/k8N6SrC9fL73A=,4BjNm7N7Eqju+UK+OrUsGARKj2w=
-412,157,oHaKKl4QcL3ZX/k8N6SrC9fL73A=,4BjNm7N7Eqju+UK+OrUsGARKj2w=
-415,157,oHaKKl4QcL3ZX/k8N6SrC9fL73A=,4BjNm7N7Eqju+UK+OrUsGARKj2w=
-410,147,oHaKKl4QcL3ZX/k8N6SrC9fL73A=,4BjNm7N7Eqju+UK+OrUsGARKj2w=
-411,157,oHaKKl4QcL3ZX/k8N6SrC9fL73A=,4BjNm7N7Eqju+UK+OrUsGARKj2w=
-406,157,oHaKKl4QcL3ZX/k8N6SrC9fL73A=,4BjNm7N7Eqju+UK+OrUsGARKj2w=
-416,157,oHaKKl4QcL3ZX/k8N6SrC9fL73A=,4BjNm7N7Eqju+UK+OrUsGARKj2w=
-401,157,oHaKKl4QcL3ZX/k8N6SrC9fL73A=,4BjNm7N7Eqju+UK+OrUsGARKj2w=
-413,157,oHaKKl4QcL3ZX/k8N6SrC9fL73A=,4BjNm7N7Eqju+UK+OrUsGARKj2w=
-415,144,oHaKKl4QcL3ZX/k8N6SrC9fL73A=,4BjNm7N7Eqju+UK+OrUsGARKj2w=
-402,144,oHaKKl4QcL3ZX/k8N6SrC9fL73A=,4BjNm7N7Eqju+UK+OrUsGARKj2w=
-409,147,oHaKKl4QcL3ZX/k8N6SrC9fL73A=,4BjNm7N7Eqju+UK+OrUsGARKj2w=
-403,156,oHaKKl4QcL3ZX/k8N6SrC9fL73A=,4BjNm7N7Eqju+UK+OrUsGARKj2w=
-408,147,oHaKKl4QcL3ZX/k8N6SrC9fL73A=,4BjNm7N7Eqju+UK+OrUsGARKj2w=
-401,156,oHaKKl4QcL3ZX/k8N6SrC9fL73A=,4BjNm7N7Eqju+UK+OrUsGARKj2w=
-402,156,oHaKKl4QcL3ZX/k8N6SrC9fL73A=,4BjNm7N7Eqju+UK+OrUsGARKj2w=
-407,147,oHaKKl4QcL3ZX/k8N6SrC9fL73A=,4BjNm7N7Eqju+UK+OrUsGARKj2w=
-405,156,oHaKKl4QcL3ZX/k8N6SrC9fL73A=,4BjNm7N7Eqju+UK+OrUsGARKj2w=
-406,146,oHaKKl4QcL3ZX/k8N6SrC9fL73A=,4BjNm7N7Eqju+UK+OrUsGARKj2w=
-407,156,oHaKKl4QcL3ZX/k8N6SrC9fL73A=,4BjNm7N7Eqju+UK+OrUsGARKj2w=
-406,147,oHaKKl4QcL3ZX/k8N6SrC9fL73A=,4BjNm7N7Eqju+UK+OrUsGARKj2w=
-406,156,oHaKKl4QcL3ZX/k8N6SrC9fL73A=,4BjNm7N7Eqju+UK+OrUsGARKj2w=
-408,156,oHaKKl4QcL3ZX/k8N6SrC9fL73A=,4BjNm7N7Eqju+UK+OrUsGARKj2w=
-404,156,oHaKKl4QcL3ZX/k8N6SrC9fL73A=,4BjNm7N7Eqju+UK+OrUsGARKj2w=
-410,156,oHaKKl4QcL3ZX/k8N6SrC9fL73A=,4BjNm7N7Eqju+UK+OrUsGARKj2w=
-409,156,oHaKKl4QcL3ZX/k8N6SrC9fL73A=,4BjNm7N7Eqju+UK+OrUsGARKj2w=
-405,147,oHaKKl4QcL3ZX/k8N6SrC9fL73A=,4BjNm7N7Eqju+UK+OrUsGARKj2w=
-411,156,oHaKKl4QcL3ZX/k8N6SrC9fL73A=,4BjNm7N7Eqju+UK+OrUsGARKj2w=
-416,144,oHaKKl4QcL3ZX/k8N6SrC9fL73A=,4BjNm7N7Eqju+UK+OrUsGARKj2w=
-412,156,oHaKKl4QcL3ZX/k8N6SrC9fL73A=,4BjNm7N7Eqju+UK+OrUsGARKj2w=
-404,147,oHaKKl4QcL3ZX/k8N6SrC9fL73A=,4BjNm7N7Eqju+UK+OrUsGARKj2w=
-413,156,oHaKKl4QcL3ZX/k8N6SrC9fL73A=,4BjNm7N7Eqju+UK+OrUsGARKj2w=
-403,147,oHaKKl4QcL3ZX/k8N6SrC9fL73A=,4BjNm7N7Eqju+UK+OrUsGARKj2w=
-402,147,oHaKKl4QcL3ZX/k8N6SrC9fL73A=,4BjNm7N7Eqju+UK+OrUsGARKj2w=
-402,155,oHaKKl4QcL3ZX/k8N6SrC9fL73A=,4BjNm7N7Eqju+UK+OrUsGARKj2w=
-416,156,oHaKKl4QcL3ZX/k8N6SrC9fL73A=,4BjNm7N7Eqju+UK+OrUsGARKj2w=
-403,155,oHaKKl4QcL3ZX/k8N6SrC9fL73A=,4BjNm7N7Eqju+UK+OrUsGARKj2w=
-403,144,oHaKKl4QcL3ZX/k8N6SrC9fL73A=,4BjNm7N7Eqju+UK+OrUsGARKj2w=
-415,156,oHaKKl4QcL3ZX/k8N6SrC9fL73A=,4BjNm7N7Eqju+UK+OrUsGARKj2w=
-401,155,oHaKKl4QcL3ZX/k8N6SrC9fL73A=,4BjNm7N7Eqju+UK+OrUsGARKj2w=
-415,146,oHaKKl4QcL3ZX/k8N6SrC9fL73A=,4BjNm7N7Eqju+UK+OrUsGARKj2w=
-414,156,oHaKKl4QcL3ZX/k8N6SrC9fL73A=,4BjNm7N7Eqju+UK+OrUsGARKj2w=
-404,155,oHaKKl4QcL3ZX/k8N6SrC9fL73A=,4BjNm7N7Eqju+UK+OrUsGARKj2w=
-401,147,oHaKKl4QcL3ZX/k8N6SrC9fL73A=,4BjNm7N7Eqju+UK+OrUsGARKj2w=
-405,155,oHaKKl4QcL3ZX/k8N6SrC9fL73A=,4BjNm7N7Eqju+UK+OrUsGARKj2w=
-407,146,oHaKKl4QcL3ZX/k8N6SrC9fL73A=,4BjNm7N7Eqju+UK+OrUsGARKj2w=
-409,155,oHaKKl4QcL3ZX/k8N6SrC9fL73A=,4BjNm7N7Eqju+UK+OrUsGARKj2w=
-410,155,oHaKKl4QcL3ZX/k8N6SrC9fL73A=,4BjNm7N7Eqju+UK+OrUsGARKj2w=
-406,155,oHaKKl4QcL3ZX/k8N6SrC9fL73A=,4BjNm7N7Eqju+UK+OrUsGARKj2w=
-411,155,oHaKKl4QcL3ZX/k8N6SrC9fL73A=,4BjNm7N7Eqju+UK+OrUsGARKj2w=
-407,155,oHaKKl4QcL3ZX/k8N6SrC9fL73A=,4BjNm7N7Eqju+UK+OrUsGARKj2w=
-416,148,oHaKKl4QcL3ZX/k8N6SrC9fL73A=,4BjNm7N7Eqju+UK+OrUsGARKj2w=
-408,155,oHaKKl4QcL3ZX/k8N6SrC9fL73A=,4BjNm7N7Eqju+UK+OrUsGARKj2w=
-413,155,oHaKKl4QcL3ZX/k8N6SrC9fL73A=,4BjNm7N7Eqju+UK+OrUsGARKj2w=
-415,148,oHaKKl4QcL3ZX/k8N6SrC9fL73A=,4BjNm7N7Eqju+UK+OrUsGARKj2w=
-416,155,oHaKKl4QcL3ZX/k8N6SrC9fL73A=,4BjNm7N7Eqju+UK+OrUsGARKj2w=
-414,155,oHaKKl4QcL3ZX/k8N6SrC9fL73A=,4BjNm7N7Eqju+UK+OrUsGARKj2w=
-408,157,oHaKKl4QcL3ZX/k8N6SrC9fL73A=,4BjNm7N7Eqju+UK+OrUsGARKj2w=
-415,155,oHaKKl4QcL3ZX/k8N6SrC9fL73A=,4BjNm7N7Eqju+UK+OrUsGARKj2w=
-404,144,oHaKKl4QcL3ZX/k8N6SrC9fL73A=,4BjNm7N7Eqju+UK+OrUsGARKj2w=
-401,154,oHaKKl4QcL3ZX/k8N6SrC9fL73A=,4BjNm7N7Eqju+UK+OrUsGARKj2w=
-403,154,oHaKKl4QcL3ZX/k8N6SrC9fL73A=,4BjNm7N7Eqju+UK+OrUsGARKj2w=
-406,154,oHaKKl4QcL3ZX/k8N6SrC9fL73A=,4BjNm7N7Eqju+UK+OrUsGARKj2w=
-404,154,oHaKKl4QcL3ZX/k8N6SrC9fL73A=,4BjNm7N7Eqju+UK+OrUsGARKj2w=
-407,154,oHaKKl4QcL3ZX/k8N6SrC9fL73A=,4BjNm7N7Eqju+UK+OrUsGARKj2w=
-408,146,oHaKKl4QcL3ZX/k8N6SrC9fL73A=,4BjNm7N7Eqju+UK+OrUsGARKj2w=
-408,154,oHaKKl4QcL3ZX/k8N6SrC9fL73A=,4BjNm7N7Eqju+UK+OrUsGARKj2w=
-409,154,oHaKKl4QcL3ZX/k8N6SrC9fL73A=,4BjNm7N7Eqju+UK+OrUsGARKj2w=
-405,154,oHaKKl4QcL3ZX/k8N6SrC9fL73A=,4BjNm7N7Eqju+UK+OrUsGARKj2w=
-410,154,oHaKKl4QcL3ZX/k8N6SrC9fL73A=,4BjNm7N7Eqju+UK+OrUsGARKj2w=
-411,154,oHaKKl4QcL3ZX/k8N6SrC9fL73A=,4BjNm7N7Eqju+UK+OrUsGARKj2w=
-414,154,oHaKKl4QcL3ZX/k8N6SrC9fL73A=,4BjNm7N7Eqju+UK+OrUsGARKj2w=
-412,155,oHaKKl4QcL3ZX/k8N6SrC9fL73A=,4BjNm7N7Eqju+UK+OrUsGARKj2w=
-412,154,oHaKKl4QcL3ZX/k8N6SrC9fL73A=,4BjNm7N7Eqju+UK+OrUsGARKj2w=
-416,154,oHaKKl4QcL3ZX/k8N6SrC9fL73A=,4BjNm7N7Eqju+UK+OrUsGARKj2w=
-415,154,oHaKKl4QcL3ZX/k8N6SrC9fL73A=,4BjNm7N7Eqju+UK+OrUsGARKj2w=
-401,153,oHaKKl4QcL3ZX/k8N6SrC9fL73A=,4BjNm7N7Eqju+UK+OrUsGARKj2w=
-402,153,oHaKKl4QcL3ZX/k8N6SrC9fL73A=,4BjNm7N7Eqju+UK+OrUsGARKj2w=
-405,144,oHaKKl4QcL3ZX/k8N6SrC9fL73A=,4BjNm7N7Eqju+UK+OrUsGARKj2w=
-403,153,oHaKKl4QcL3ZX/k8N6SrC9fL73A=,4BjNm7N7Eqju+UK+OrUsGARKj2w=
-405,153,oHaKKl4QcL3ZX/k8N6SrC9fL73A=,4BjNm7N7Eqju+UK+OrUsGARKj2w=
-409,153,oHaKKl4QcL3ZX/k8N6SrC9fL73A=,4BjNm7N7Eqju+UK+OrUsGARKj2w=
-407,153,oHaKKl4QcL3ZX/k8N6SrC9fL73A=,4BjNm7N7Eqju+UK+OrUsGARKj2w=
-408,153,oHaKKl4QcL3ZX/k8N6SrC9fL73A=,4BjNm7N7Eqju+UK+OrUsGARKj2w=
-409,146,oHaKKl4QcL3ZX/k8N6SrC9fL73A=,4BjNm7N7Eqju+UK+OrUsGARKj2w=
-406,153,oHaKKl4QcL3ZX/k8N6SrC9fL73A=,4BjNm7N7Eqju+UK+OrUsGARKj2w=
-404,153,oHaKKl4QcL3ZX/k8N6SrC9fL73A=,4BjNm7N7Eqju+UK+OrUsGARKj2w=
-412,153,oHaKKl4QcL3ZX/k8N6SrC9fL73A=,4BjNm7N7Eqju+UK+OrUsGARKj2w=
-411,153,oHaKKl4QcL3ZX/k8N6SrC9fL73A=,4BjNm7N7Eqju+UK+OrUsGARKj2w=
-410,153,oHaKKl4QcL3ZX/k8N6SrC9fL73A=,4BjNm7N7Eqju+UK+OrUsGARKj2w=
-413,153,oHaKKl4QcL3ZX/k8N6SrC9fL73A=,4BjNm7N7Eqju+UK+OrUsGARKj2w=
-416,153,oHaKKl4QcL3ZX/k8N6SrC9fL73A=,4BjNm7N7Eqju+UK+OrUsGARKj2w=
-415,153,oHaKKl4QcL3ZX/k8N6SrC9fL73A=,4BjNm7N7Eqju+UK+OrUsGARKj2w=
-414,153,oHaKKl4QcL3ZX/k8N6SrC9fL73A=,4BjNm7N7Eqju+UK+OrUsGARKj2w=
-401,152,oHaKKl4QcL3ZX/k8N6SrC9fL73A=,4BjNm7N7Eqju+UK+OrUsGARKj2w=
-402,152,oHaKKl4QcL3ZX/k8N6SrC9fL73A=,4BjNm7N7Eqju+UK+OrUsGARKj2w=
-403,152,oHaKKl4QcL3ZX/k8N6SrC9fL73A=,4BjNm7N7Eqju+UK+OrUsGARKj2w=
-404,152,oHaKKl4QcL3ZX/k8N6SrC9fL73A=,4BjNm7N7Eqju+UK+OrUsGARKj2w=
-407,152,oHaKKl4QcL3ZX/k8N6SrC9fL73A=,4BjNm7N7Eqju+UK+OrUsGARKj2w=
-406,152,oHaKKl4QcL3ZX/k8N6SrC9fL73A=,4BjNm7N7Eqju+UK+OrUsGARKj2w=
-408,152,oHaKKl4QcL3ZX/k8N6SrC9fL73A=,4BjNm7N7Eqju+UK+OrUsGARKj2w=
-405,152,oHaKKl4QcL3ZX/k8N6SrC9fL73A=,4BjNm7N7Eqju+UK+OrUsGARKj2w=
-410,152,oHaKKl4QcL3ZX/k8N6SrC9fL73A=,4BjNm7N7Eqju+UK+OrUsGARKj2w=
-409,152,oHaKKl4QcL3ZX/k8N6SrC9fL73A=,4BjNm7N7Eqju+UK+OrUsGARKj2w=
-410,146,oHaKKl4QcL3ZX/k8N6SrC9fL73A=,4BjNm7N7Eqju+UK+OrUsGARKj2w=
-414,148,oHaKKl4QcL3ZX/k8N6SrC9fL73A=,4BjNm7N7Eqju+UK+OrUsGARKj2w=
-411,152,oHaKKl4QcL3ZX/k8N6SrC9fL73A=,4BjNm7N7Eqju+UK+OrUsGARKj2w=
-413,152,oHaKKl4QcL3ZX/k8N6SrC9fL73A=,4BjNm7N7Eqju+UK+OrUsGARKj2w=
-415,152,oHaKKl4QcL3ZX/k8N6SrC9fL73A=,4BjNm7N7Eqju+UK+OrUsGARKj2w=
-414,152,oHaKKl4QcL3ZX/k8N6SrC9fL73A=,4BjNm7N7Eqju+UK+OrUsGARKj2w=
-416,152,oHaKKl4QcL3ZX/k8N6SrC9fL73A=,4BjNm7N7Eqju+UK+OrUsGARKj2w=
-413,148,oHaKKl4QcL3ZX/k8N6SrC9fL73A=,4BjNm7N7Eqju+UK+OrUsGARKj2w=
-401,151,oHaKKl4QcL3ZX/k8N6SrC9fL73A=,4BjNm7N7Eqju+UK+OrUsGARKj2w=
-402,154,oHaKKl4QcL3ZX/k8N6SrC9fL73A=,4BjNm7N7Eqju+UK+OrUsGARKj2w=
-402,151,oHaKKl4QcL3ZX/k8N6SrC9fL73A=,4BjNm7N7Eqju+UK+OrUsGARKj2w=
-412,152,oHaKKl4QcL3ZX/k8N6SrC9fL73A=,4BjNm7N7Eqju+UK+OrUsGARKj2w=
-405,151,oHaKKl4QcL3ZX/k8N6SrC9fL73A=,4BjNm7N7Eqju+UK+OrUsGARKj2w=
-406,151,oHaKKl4QcL3ZX/k8N6SrC9fL73A=,4BjNm7N7Eqju+UK+OrUsGARKj2w=
-407,151,oHaKKl4QcL3ZX/k8N6SrC9fL73A=,4BjNm7N7Eqju+UK+OrUsGARKj2w=
-407,144,oHaKKl4QcL3ZX/k8N6SrC9fL73A=,4BjNm7N7Eqju+UK+OrUsGARKj2w=
-408,151,oHaKKl4QcL3ZX/k8N6SrC9fL73A=,4BjNm7N7Eqju+UK+OrUsGARKj2w=
-414,146,oHaKKl4QcL3ZX/k8N6SrC9fL73A=,4BjNm7N7Eqju+UK+OrUsGARKj2w=
-409,151,oHaKKl4QcL3ZX/k8N6SrC9fL73A=,4BjNm7N7Eqju+UK+OrUsGARKj2w=
-404,151,oHaKKl4QcL3ZX/k8N6SrC9fL73A=,4BjNm7N7Eqju+UK+OrUsGARKj2w=
-411,146,oHaKKl4QcL3ZX/k8N6SrC9fL73A=,4BjNm7N7Eqju+UK+OrUsGARKj2w=
-411,151,oHaKKl4QcL3ZX/k8N6SrC9fL73A=,4BjNm7N7Eqju+UK+OrUsGARKj2w=
-412,151,oHaKKl4QcL3ZX/k8N6SrC9fL73A=,4BjNm7N7Eqju+UK+OrUsGARKj2w=
-413,151,oHaKKl4QcL3ZX/k8N6SrC9fL73A=,4BjNm7N7Eqju+UK+OrUsGARKj2w=
-410,151,oHaKKl4QcL3ZX/k8N6SrC9fL73A=,4BjNm7N7Eqju+UK+OrUsGARKj2w=
-415,151,oHaKKl4QcL3ZX/k8N6SrC9fL73A=,4BjNm7N7Eqju+UK+OrUsGARKj2w=
-416,151,oHaKKl4QcL3ZX/k8N6SrC9fL73A=,4BjNm7N7Eqju+UK+OrUsGARKj2w=
-401,150,oHaKKl4QcL3ZX/k8N6SrC9fL73A=,4BjNm7N7Eqju+UK+OrUsGARKj2w=
-402,150,oHaKKl4QcL3ZX/k8N6SrC9fL73A=,4BjNm7N7Eqju+UK+OrUsGARKj2w=
-414,151,oHaKKl4QcL3ZX/k8N6SrC9fL73A=,4BjNm7N7Eqju+UK+OrUsGARKj2w=
-405,150,oHaKKl4QcL3ZX/k8N6SrC9fL73A=,4BjNm7N7Eqju+UK+OrUsGARKj2w=
-404,150,oHaKKl4QcL3ZX/k8N6SrC9fL73A=,4BjNm7N7Eqju+UK+OrUsGARKj2w=
-403,150,oHaKKl4QcL3ZX/k8N6SrC9fL73A=,4BjNm7N7Eqju+UK+OrUsGARKj2w=
-407,150,oHaKKl4QcL3ZX/k8N6SrC9fL73A=,4BjNm7N7Eqju+UK+OrUsGARKj2w=
-406,150,oHaKKl4QcL3ZX/k8N6SrC9fL73A=,4BjNm7N7Eqju+UK+OrUsGARKj2w=
-411,144,oHaKKl4QcL3ZX/k8N6SrC9fL73A=,4BjNm7N7Eqju+UK+OrUsGARKj2w=
-408,144,oHaKKl4QcL3ZX/k8N6SrC9fL73A=,4BjNm7N7Eqju+UK+OrUsGARKj2w=
-410,150,oHaKKl4QcL3ZX/k8N6SrC9fL73A=,4BjNm7N7Eqju+UK+OrUsGARKj2w=
-409,150,oHaKKl4QcL3ZX/k8N6SrC9fL73A=,4BjNm7N7Eqju+UK+OrUsGARKj2w=
-412,146,oHaKKl4QcL3ZX/k8N6SrC9fL73A=,4BjNm7N7Eqju+UK+OrUsGARKj2w=
-411,150,oHaKKl4QcL3ZX/k8N6SrC9fL73A=,4BjNm7N7Eqju+UK+OrUsGARKj2w=
-413,154,oHaKKl4QcL3ZX/k8N6SrC9fL73A=,4BjNm7N7Eqju+UK+OrUsGARKj2w=
-408,150,oHaKKl4QcL3ZX/k8N6SrC9fL73A=,4BjNm7N7Eqju+UK+OrUsGARKj2w=
-412,148,oHaKKl4QcL3ZX/k8N6SrC9fL73A=,4BjNm7N7Eqju+UK+OrUsGARKj2w=
-402,149,oHaKKl4QcL3ZX/k8N6SrC9fL73A=,4BjNm7N7Eqju+UK+OrUsGARKj2w=
-414,150,oHaKKl4QcL3ZX/k8N6SrC9fL73A=,4BjNm7N7Eqju+UK+OrUsGARKj2w=
-413,150,oHaKKl4QcL3ZX/k8N6SrC9fL73A=,4BjNm7N7Eqju+UK+OrUsGARKj2w=
-416,150,oHaKKl4QcL3ZX/k8N6SrC9fL73A=,4BjNm7N7Eqju+UK+OrUsGARKj2w=
-415,150,oHaKKl4QcL3ZX/k8N6SrC9fL73A=,4BjNm7N7Eqju+UK+OrUsGARKj2w=
-412,150,oHaKKl4QcL3ZX/k8N6SrC9fL73A=,4BjNm7N7Eqju+UK+OrUsGARKj2w=
-404,149,oHaKKl4QcL3ZX/k8N6SrC9fL73A=,4BjNm7N7Eqju+UK+OrUsGARKj2w=
-403,149,oHaKKl4QcL3ZX/k8N6SrC9fL73A=,4BjNm7N7Eqju+UK+OrUsGARKj2w=
-407,149,oHaKKl4QcL3ZX/k8N6SrC9fL73A=,4BjNm7N7Eqju+UK+OrUsGARKj2w=
-408,149,oHaKKl4QcL3ZX/k8N6SrC9fL73A=,4BjNm7N7Eqju+UK+OrUsGARKj2w=
-409,149,oHaKKl4QcL3ZX/k8N6SrC9fL73A=,4BjNm7N7Eqju+UK+OrUsGARKj2w=
-405,149,oHaKKl4QcL3ZX/k8N6SrC9fL73A=,4BjNm7N7Eqju+UK+OrUsGARKj2w=
-401,149,oHaKKl4QcL3ZX/k8N6SrC9fL73A=,4BjNm7N7Eqju+UK+OrUsGARKj2w=
-411,149,oHaKKl4QcL3ZX/k8N6SrC9fL73A=,4BjNm7N7Eqju+UK+OrUsGARKj2w=
-409,144,oHaKKl4QcL3ZX/k8N6SrC9fL73A=,4BjNm7N7Eqju+UK+OrUsGARKj2w=
-410,149,oHaKKl4QcL3ZX/k8N6SrC9fL73A=,4BjNm7N7Eqju+UK+OrUsGARKj2w=
-413,146,oHaKKl4QcL3ZX/k8N6SrC9fL73A=,4BjNm7N7Eqju+UK+OrUsGARKj2w=
-412,149,oHaKKl4QcL3ZX/k8N6SrC9fL73A=,4BjNm7N7Eqju+UK+OrUsGARKj2w=
-411,148,oHaKKl4QcL3ZX/k8N6SrC9fL73A=,4BjNm7N7Eqju+UK+OrUsGARKj2w=
-401,148,oHaKKl4QcL3ZX/k8N6SrC9fL73A=,4BjNm7N7Eqju+UK+OrUsGARKj2w=
-414,149,oHaKKl4QcL3ZX/k8N6SrC9fL73A=,4BjNm7N7Eqju+UK+OrUsGARKj2w=
-402,148,oHaKKl4QcL3ZX/k8N6SrC9fL73A=,4BjNm7N7Eqju+UK+OrUsGARKj2w=
-413,149,oHaKKl4QcL3ZX/k8N6SrC9fL73A=,4BjNm7N7Eqju+UK+OrUsGARKj2w=
-403,148,oHaKKl4QcL3ZX/k8N6SrC9fL73A=,4BjNm7N7Eqju+UK+OrUsGARKj2w=
-416,149,oHaKKl4QcL3ZX/k8N6SrC9fL73A=,4BjNm7N7Eqju+UK+OrUsGARKj2w=
-406,144,oHaKKl4QcL3ZX/k8N6SrC9fL73A=,4BjNm7N7Eqju+UK+OrUsGARKj2w=
-410,144,oHaKKl4QcL3ZX/k8N6SrC9fL73A=,4BjNm7N7Eqju+UK+OrUsGARKj2w=
-410,148,oHaKKl4QcL3ZX/k8N6SrC9fL73A=,4BjNm7N7Eqju+UK+OrUsGARKj2w=
-403,151,oHaKKl4QcL3ZX/k8N6SrC9fL73A=,4BjNm7N7Eqju+UK+OrUsGARKj2w=
-408,148,oHaKKl4QcL3ZX/k8N6SrC9fL73A=,4BjNm7N7Eqju+UK+OrUsGARKj2w=
-406,149,oHaKKl4QcL3ZX/k8N6SrC9fL73A=,4BjNm7N7Eqju+UK+OrUsGARKj2w=
-407,148,oHaKKl4QcL3ZX/k8N6SrC9fL73A=,4BjNm7N7Eqju+UK+OrUsGARKj2w=
-409,148,oHaKKl4QcL3ZX/k8N6SrC9fL73A=,4BjNm7N7Eqju+UK+OrUsGARKj2w=
-404,148,oHaKKl4QcL3ZX/k8N6SrC9fL73A=,4BjNm7N7Eqju+UK+OrUsGARKj2w=
-415,149,oHaKKl4QcL3ZX/k8N6SrC9fL73A=,4BjNm7N7Eqju+UK+OrUsGARKj2w=
-406,148,oHaKKl4QcL3ZX/k8N6SrC9fL73A=,4BjNm7N7Eqju+UK+OrUsGARKj2w=
-405,148,oHaKKl4QcL3ZX/k8N6SrC9fL73A=,4BjNm7N7Eqju+UK+OrUsGARKj2w=
-385,145,T5GAVr/cxWnmFta34ZNE20+r/CI=,RvbcJxOt2OuWwHWQ4B/XcsE9R+o=
-389,147,T5GAVr/cxWnmFta34ZNE20+r/CI=,RvbcJxOt2OuWwHWQ4B/XcsE9R+o=
-397,144,T5GAVr/cxWnmFta34ZNE20+r/CI=,RvbcJxOt2OuWwHWQ4B/XcsE9R+o=
-388,147,T5GAVr/cxWnmFta34ZNE20+r/CI=,RvbcJxOt2OuWwHWQ4B/XcsE9R+o=
-386,146,T5GAVr/cxWnmFta34ZNE20+r/CI=,RvbcJxOt2OuWwHWQ4B/XcsE9R+o=
-396,144,T5GAVr/cxWnmFta34ZNE20+r/CI=,RvbcJxOt2OuWwHWQ4B/XcsE9R+o=
-387,147,T5GAVr/cxWnmFta34ZNE20+r/CI=,RvbcJxOt2OuWwHWQ4B/XcsE9R+o=
-395,144,T5GAVr/cxWnmFta34ZNE20+r/CI=,RvbcJxOt2OuWwHWQ4B/XcsE9R+o=
-386,147,T5GAVr/cxWnmFta34ZNE20+r/CI=,RvbcJxOt2OuWwHWQ4B/XcsE9R+o=
-385,147,T5GAVr/cxWnmFta34ZNE20+r/CI=,RvbcJxOt2OuWwHWQ4B/XcsE9R+o=
-386,159,T5GAVr/cxWnmFta34ZNE20+r/CI=,RvbcJxOt2OuWwHWQ4B/XcsE9R+o=
-385,159,T5GAVr/cxWnmFta34ZNE20+r/CI=,RvbcJxOt2OuWwHWQ4B/XcsE9R+o=
-400,148,T5GAVr/cxWnmFta34ZNE20+r/CI=,RvbcJxOt2OuWwHWQ4B/XcsE9R+o=
-398,145,T5GAVr/cxWnmFta34ZNE20+r/CI=,RvbcJxOt2OuWwHWQ4B/XcsE9R+o=
-387,159,T5GAVr/cxWnmFta34ZNE20+r/CI=,RvbcJxOt2OuWwHWQ4B/XcsE9R+o=
-389,159,T5GAVr/cxWnmFta34ZNE20+r/CI=,RvbcJxOt2OuWwHWQ4B/XcsE9R+o=
-390,159,T5GAVr/cxWnmFta34ZNE20+r/CI=,RvbcJxOt2OuWwHWQ4B/XcsE9R+o=
-388,159,T5GAVr/cxWnmFta34ZNE20+r/CI=,RvbcJxOt2OuWwHWQ4B/XcsE9R+o=
-399,148,T5GAVr/cxWnmFta34ZNE20+r/CI=,RvbcJxOt2OuWwHWQ4B/XcsE9R+o=
-391,159,T5GAVr/cxWnmFta34ZNE20+r/CI=,RvbcJxOt2OuWwHWQ4B/XcsE9R+o=
-392,159,T5GAVr/cxWnmFta34ZNE20+r/CI=,RvbcJxOt2OuWwHWQ4B/XcsE9R+o=
-398,148,T5GAVr/cxWnmFta34ZNE20+r/CI=,RvbcJxOt2OuWwHWQ4B/XcsE9R+o=
-397,148,T5GAVr/cxWnmFta34ZNE20+r/CI=,RvbcJxOt2OuWwHWQ4B/XcsE9R+o=
-396,148,T5GAVr/cxWnmFta34ZNE20+r/CI=,RvbcJxOt2OuWwHWQ4B/XcsE9R+o=
-394,148,T5GAVr/cxWnmFta34ZNE20+r/CI=,RvbcJxOt2OuWwHWQ4B/XcsE9R+o=
-393,148,T5GAVr/cxWnmFta34ZNE20+r/CI=,RvbcJxOt2OuWwHWQ4B/XcsE9R+o=
-395,148,T5GAVr/cxWnmFta34ZNE20+r/CI=,RvbcJxOt2OuWwHWQ4B/XcsE9R+o=
-392,148,T5GAVr/cxWnmFta34ZNE20+r/CI=,RvbcJxOt2OuWwHWQ4B/XcsE9R+o=
-391,148,T5GAVr/cxWnmFta34ZNE20+r/CI=,RvbcJxOt2OuWwHWQ4B/XcsE9R+o=
-390,148,T5GAVr/cxWnmFta34ZNE20+r/CI=,RvbcJxOt2OuWwHWQ4B/XcsE9R+o=
-389,148,T5GAVr/cxWnmFta34ZNE20+r/CI=,RvbcJxOt2OuWwHWQ4B/XcsE9R+o=
-385,146,T5GAVr/cxWnmFta34ZNE20+r/CI=,RvbcJxOt2OuWwHWQ4B/XcsE9R+o=
-394,144,T5GAVr/cxWnmFta34ZNE20+r/CI=,RvbcJxOt2OuWwHWQ4B/XcsE9R+o=
-388,148,T5GAVr/cxWnmFta34ZNE20+r/CI=,RvbcJxOt2OuWwHWQ4B/XcsE9R+o=
-387,148,T5GAVr/cxWnmFta34ZNE20+r/CI=,RvbcJxOt2OuWwHWQ4B/XcsE9R+o=
-386,148,T5GAVr/cxWnmFta34ZNE20+r/CI=,RvbcJxOt2OuWwHWQ4B/XcsE9R+o=
-385,148,T5GAVr/cxWnmFta34ZNE20+r/CI=,RvbcJxOt2OuWwHWQ4B/XcsE9R+o=
-397,145,T5GAVr/cxWnmFta34ZNE20+r/CI=,RvbcJxOt2OuWwHWQ4B/XcsE9R+o=
-393,159,T5GAVr/cxWnmFta34ZNE20+r/CI=,RvbcJxOt2OuWwHWQ4B/XcsE9R+o=
-387,146,T5GAVr/cxWnmFta34ZNE20+r/CI=,RvbcJxOt2OuWwHWQ4B/XcsE9R+o=
-388,146,T5GAVr/cxWnmFta34ZNE20+r/CI=,RvbcJxOt2OuWwHWQ4B/XcsE9R+o=
-389,146,T5GAVr/cxWnmFta34ZNE20+r/CI=,RvbcJxOt2OuWwHWQ4B/XcsE9R+o=
-390,146,T5GAVr/cxWnmFta34ZNE20+r/CI=,RvbcJxOt2OuWwHWQ4B/XcsE9R+o=
-391,146,T5GAVr/cxWnmFta34ZNE20+r/CI=,RvbcJxOt2OuWwHWQ4B/XcsE9R+o=
-392,146,T5GAVr/cxWnmFta34ZNE20+r/CI=,RvbcJxOt2OuWwHWQ4B/XcsE9R+o=
-393,146,T5GAVr/cxWnmFta34ZNE20+r/CI=,RvbcJxOt2OuWwHWQ4B/XcsE9R+o=
-394,146,T5GAVr/cxWnmFta34ZNE20+r/CI=,RvbcJxOt2OuWwHWQ4B/XcsE9R+o=
-395,146,T5GAVr/cxWnmFta34ZNE20+r/CI=,RvbcJxOt2OuWwHWQ4B/XcsE9R+o=
-396,146,T5GAVr/cxWnmFta34ZNE20+r/CI=,RvbcJxOt2OuWwHWQ4B/XcsE9R+o=
-397,146,T5GAVr/cxWnmFta34ZNE20+r/CI=,RvbcJxOt2OuWwHWQ4B/XcsE9R+o=
-394,159,T5GAVr/cxWnmFta34ZNE20+r/CI=,RvbcJxOt2OuWwHWQ4B/XcsE9R+o=
-395,159,T5GAVr/cxWnmFta34ZNE20+r/CI=,RvbcJxOt2OuWwHWQ4B/XcsE9R+o=
-400,149,T5GAVr/cxWnmFta34ZNE20+r/CI=,RvbcJxOt2OuWwHWQ4B/XcsE9R+o=
-396,145,T5GAVr/cxWnmFta34ZNE20+r/CI=,RvbcJxOt2OuWwHWQ4B/XcsE9R+o=
-396,159,T5GAVr/cxWnmFta34ZNE20+r/CI=,RvbcJxOt2OuWwHWQ4B/XcsE9R+o=
-398,144,T5GAVr/cxWnmFta34ZNE20+r/CI=,RvbcJxOt2OuWwHWQ4B/XcsE9R+o=
-398,146,T5GAVr/cxWnmFta34ZNE20+r/CI=,RvbcJxOt2OuWwHWQ4B/XcsE9R+o=
-390,147,T5GAVr/cxWnmFta34ZNE20+r/CI=,RvbcJxOt2OuWwHWQ4B/XcsE9R+o=
-399,146,T5GAVr/cxWnmFta34ZNE20+r/CI=,RvbcJxOt2OuWwHWQ4B/XcsE9R+o=
-386,145,T5GAVr/cxWnmFta34ZNE20+r/CI=,RvbcJxOt2OuWwHWQ4B/XcsE9R+o=
-398,159,T5GAVr/cxWnmFta34ZNE20+r/CI=,RvbcJxOt2OuWwHWQ4B/XcsE9R+o=
-400,146,T5GAVr/cxWnmFta34ZNE20+r/CI=,RvbcJxOt2OuWwHWQ4B/XcsE9R+o=
-399,159,T5GAVr/cxWnmFta34ZNE20+r/CI=,RvbcJxOt2OuWwHWQ4B/XcsE9R+o=
-389,158,T5GAVr/cxWnmFta34ZNE20+r/CI=,RvbcJxOt2OuWwHWQ4B/XcsE9R+o=
-390,158,T5GAVr/cxWnmFta34ZNE20+r/CI=,RvbcJxOt2OuWwHWQ4B/XcsE9R+o=
-391,158,T5GAVr/cxWnmFta34ZNE20+r/CI=,RvbcJxOt2OuWwHWQ4B/XcsE9R+o=
-399,149,T5GAVr/cxWnmFta34ZNE20+r/CI=,RvbcJxOt2OuWwHWQ4B/XcsE9R+o=
-392,158,T5GAVr/cxWnmFta34ZNE20+r/CI=,RvbcJxOt2OuWwHWQ4B/XcsE9R+o=
-387,158,T5GAVr/cxWnmFta34ZNE20+r/CI=,RvbcJxOt2OuWwHWQ4B/XcsE9R+o=
-398,149,T5GAVr/cxWnmFta34ZNE20+r/CI=,RvbcJxOt2OuWwHWQ4B/XcsE9R+o=
-385,158,T5GAVr/cxWnmFta34ZNE20+r/CI=,RvbcJxOt2OuWwHWQ4B/XcsE9R+o=
-397,149,T5GAVr/cxWnmFta34ZNE20+r/CI=,RvbcJxOt2OuWwHWQ4B/XcsE9R+o=
-396,149,T5GAVr/cxWnmFta34ZNE20+r/CI=,RvbcJxOt2OuWwHWQ4B/XcsE9R+o=
-395,149,T5GAVr/cxWnmFta34ZNE20+r/CI=,RvbcJxOt2OuWwHWQ4B/XcsE9R+o=
-394,149,T5GAVr/cxWnmFta34ZNE20+r/CI=,RvbcJxOt2OuWwHWQ4B/XcsE9R+o=
-393,149,T5GAVr/cxWnmFta34ZNE20+r/CI=,RvbcJxOt2OuWwHWQ4B/XcsE9R+o=
-392,149,T5GAVr/cxWnmFta34ZNE20+r/CI=,RvbcJxOt2OuWwHWQ4B/XcsE9R+o=
-391,149,T5GAVr/cxWnmFta34ZNE20+r/CI=,RvbcJxOt2OuWwHWQ4B/XcsE9R+o=
-390,149,T5GAVr/cxWnmFta34ZNE20+r/CI=,RvbcJxOt2OuWwHWQ4B/XcsE9R+o=
-393,158,T5GAVr/cxWnmFta34ZNE20+r/CI=,RvbcJxOt2OuWwHWQ4B/XcsE9R+o=
-400,159,T5GAVr/cxWnmFta34ZNE20+r/CI=,RvbcJxOt2OuWwHWQ4B/XcsE9R+o=
-400,147,T5GAVr/cxWnmFta34ZNE20+r/CI=,RvbcJxOt2OuWwHWQ4B/XcsE9R+o=
-393,144,T5GAVr/cxWnmFta34ZNE20+r/CI=,RvbcJxOt2OuWwHWQ4B/XcsE9R+o=
-389,149,T5GAVr/cxWnmFta34ZNE20+r/CI=,RvbcJxOt2OuWwHWQ4B/XcsE9R+o=
-388,149,T5GAVr/cxWnmFta34ZNE20+r/CI=,RvbcJxOt2OuWwHWQ4B/XcsE9R+o=
-386,149,T5GAVr/cxWnmFta34ZNE20+r/CI=,RvbcJxOt2OuWwHWQ4B/XcsE9R+o=
-387,149,T5GAVr/cxWnmFta34ZNE20+r/CI=,RvbcJxOt2OuWwHWQ4B/XcsE9R+o=
-385,149,T5GAVr/cxWnmFta34ZNE20+r/CI=,RvbcJxOt2OuWwHWQ4B/XcsE9R+o=
-394,158,T5GAVr/cxWnmFta34ZNE20+r/CI=,RvbcJxOt2OuWwHWQ4B/XcsE9R+o=
-388,158,T5GAVr/cxWnmFta34ZNE20+r/CI=,RvbcJxOt2OuWwHWQ4B/XcsE9R+o=
-399,145,T5GAVr/cxWnmFta34ZNE20+r/CI=,RvbcJxOt2OuWwHWQ4B/XcsE9R+o=
-391,147,T5GAVr/cxWnmFta34ZNE20+r/CI=,RvbcJxOt2OuWwHWQ4B/XcsE9R+o=
-400,145,T5GAVr/cxWnmFta34ZNE20+r/CI=,RvbcJxOt2OuWwHWQ4B/XcsE9R+o=
-399,144,T5GAVr/cxWnmFta34ZNE20+r/CI=,RvbcJxOt2OuWwHWQ4B/XcsE9R+o=
-397,159,T5GAVr/cxWnmFta34ZNE20+r/CI=,RvbcJxOt2OuWwHWQ4B/XcsE9R+o=
-387,145,T5GAVr/cxWnmFta34ZNE20+r/CI=,RvbcJxOt2OuWwHWQ4B/XcsE9R+o=
-396,158,T5GAVr/cxWnmFta34ZNE20+r/CI=,RvbcJxOt2OuWwHWQ4B/XcsE9R+o=
-395,158,T5GAVr/cxWnmFta34ZNE20+r/CI=,RvbcJxOt2OuWwHWQ4B/XcsE9R+o=
-398,158,T5GAVr/cxWnmFta34ZNE20+r/CI=,RvbcJxOt2OuWwHWQ4B/XcsE9R+o=
-397,158,T5GAVr/cxWnmFta34ZNE20+r/CI=,RvbcJxOt2OuWwHWQ4B/XcsE9R+o=
-385,157,T5GAVr/cxWnmFta34ZNE20+r/CI=,RvbcJxOt2OuWwHWQ4B/XcsE9R+o=
-389,157,T5GAVr/cxWnmFta34ZNE20+r/CI=,RvbcJxOt2OuWwHWQ4B/XcsE9R+o=
-390,157,T5GAVr/cxWnmFta34ZNE20+r/CI=,RvbcJxOt2OuWwHWQ4B/XcsE9R+o=
-391,157,T5GAVr/cxWnmFta34ZNE20+r/CI=,RvbcJxOt2OuWwHWQ4B/XcsE9R+o=
-392,157,T5GAVr/cxWnmFta34ZNE20+r/CI=,RvbcJxOt2OuWwHWQ4B/XcsE9R+o=
-386,157,T5GAVr/cxWnmFta34ZNE20+r/CI=,RvbcJxOt2OuWwHWQ4B/XcsE9R+o=
-393,157,T5GAVr/cxWnmFta34ZNE20+r/CI=,RvbcJxOt2OuWwHWQ4B/XcsE9R+o=
-394,157,T5GAVr/cxWnmFta34ZNE20+r/CI=,RvbcJxOt2OuWwHWQ4B/XcsE9R+o=
-387,157,T5GAVr/cxWnmFta34ZNE20+r/CI=,RvbcJxOt2OuWwHWQ4B/XcsE9R+o=
-395,157,T5GAVr/cxWnmFta34ZNE20+r/CI=,RvbcJxOt2OuWwHWQ4B/XcsE9R+o=
-385,144,T5GAVr/cxWnmFta34ZNE20+r/CI=,RvbcJxOt2OuWwHWQ4B/XcsE9R+o=
-392,147,T5GAVr/cxWnmFta34ZNE20+r/CI=,RvbcJxOt2OuWwHWQ4B/XcsE9R+o=
-396,157,T5GAVr/cxWnmFta34ZNE20+r/CI=,RvbcJxOt2OuWwHWQ4B/XcsE9R+o=
-388,145,T5GAVr/cxWnmFta34ZNE20+r/CI=,RvbcJxOt2OuWwHWQ4B/XcsE9R+o=
-388,157,T5GAVr/cxWnmFta34ZNE20+r/CI=,RvbcJxOt2OuWwHWQ4B/XcsE9R+o=
-400,144,T5GAVr/cxWnmFta34ZNE20+r/CI=,RvbcJxOt2OuWwHWQ4B/XcsE9R+o=
-399,158,T5GAVr/cxWnmFta34ZNE20+r/CI=,RvbcJxOt2OuWwHWQ4B/XcsE9R+o=
-400,158,T5GAVr/cxWnmFta34ZNE20+r/CI=,RvbcJxOt2OuWwHWQ4B/XcsE9R+o=
-398,157,T5GAVr/cxWnmFta34ZNE20+r/CI=,RvbcJxOt2OuWwHWQ4B/XcsE9R+o=
-399,157,T5GAVr/cxWnmFta34ZNE20+r/CI=,RvbcJxOt2OuWwHWQ4B/XcsE9R+o=
-385,156,T5GAVr/cxWnmFta34ZNE20+r/CI=,RvbcJxOt2OuWwHWQ4B/XcsE9R+o=
-389,156,T5GAVr/cxWnmFta34ZNE20+r/CI=,RvbcJxOt2OuWwHWQ4B/XcsE9R+o=
-390,156,T5GAVr/cxWnmFta34ZNE20+r/CI=,RvbcJxOt2OuWwHWQ4B/XcsE9R+o=
-391,156,T5GAVr/cxWnmFta34ZNE20+r/CI=,RvbcJxOt2OuWwHWQ4B/XcsE9R+o=
-392,156,T5GAVr/cxWnmFta34ZNE20+r/CI=,RvbcJxOt2OuWwHWQ4B/XcsE9R+o=
-393,156,T5GAVr/cxWnmFta34ZNE20+r/CI=,RvbcJxOt2OuWwHWQ4B/XcsE9R+o=
-394,156,T5GAVr/cxWnmFta34ZNE20+r/CI=,RvbcJxOt2OuWwHWQ4B/XcsE9R+o=
-395,156,T5GAVr/cxWnmFta34ZNE20+r/CI=,RvbcJxOt2OuWwHWQ4B/XcsE9R+o=
-396,156,T5GAVr/cxWnmFta34ZNE20+r/CI=,RvbcJxOt2OuWwHWQ4B/XcsE9R+o=
-386,144,T5GAVr/cxWnmFta34ZNE20+r/CI=,RvbcJxOt2OuWwHWQ4B/XcsE9R+o=
-393,147,T5GAVr/cxWnmFta34ZNE20+r/CI=,RvbcJxOt2OuWwHWQ4B/XcsE9R+o=
-397,156,T5GAVr/cxWnmFta34ZNE20+r/CI=,RvbcJxOt2OuWwHWQ4B/XcsE9R+o=
-388,156,T5GAVr/cxWnmFta34ZNE20+r/CI=,RvbcJxOt2OuWwHWQ4B/XcsE9R+o=
-389,145,T5GAVr/cxWnmFta34ZNE20+r/CI=,RvbcJxOt2OuWwHWQ4B/XcsE9R+o=
-400,157,T5GAVr/cxWnmFta34ZNE20+r/CI=,RvbcJxOt2OuWwHWQ4B/XcsE9R+o=
-387,156,T5GAVr/cxWnmFta34ZNE20+r/CI=,RvbcJxOt2OuWwHWQ4B/XcsE9R+o=
-400,150,T5GAVr/cxWnmFta34ZNE20+r/CI=,RvbcJxOt2OuWwHWQ4B/XcsE9R+o=
-386,158,T5GAVr/cxWnmFta34ZNE20+r/CI=,RvbcJxOt2OuWwHWQ4B/XcsE9R+o=
-398,156,T5GAVr/cxWnmFta34ZNE20+r/CI=,RvbcJxOt2OuWwHWQ4B/XcsE9R+o=
-387,155,T5GAVr/cxWnmFta34ZNE20+r/CI=,RvbcJxOt2OuWwHWQ4B/XcsE9R+o=
-388,155,T5GAVr/cxWnmFta34ZNE20+r/CI=,RvbcJxOt2OuWwHWQ4B/XcsE9R+o=
-389,155,T5GAVr/cxWnmFta34ZNE20+r/CI=,RvbcJxOt2OuWwHWQ4B/XcsE9R+o=
-390,155,T5GAVr/cxWnmFta34ZNE20+r/CI=,RvbcJxOt2OuWwHWQ4B/XcsE9R+o=
-391,155,T5GAVr/cxWnmFta34ZNE20+r/CI=,RvbcJxOt2OuWwHWQ4B/XcsE9R+o=
-392,155,T5GAVr/cxWnmFta34ZNE20+r/CI=,RvbcJxOt2OuWwHWQ4B/XcsE9R+o=
-393,155,T5GAVr/cxWnmFta34ZNE20+r/CI=,RvbcJxOt2OuWwHWQ4B/XcsE9R+o=
-394,155,T5GAVr/cxWnmFta34ZNE20+r/CI=,RvbcJxOt2OuWwHWQ4B/XcsE9R+o=
-395,155,T5GAVr/cxWnmFta34ZNE20+r/CI=,RvbcJxOt2OuWwHWQ4B/XcsE9R+o=
-387,144,T5GAVr/cxWnmFta34ZNE20+r/CI=,RvbcJxOt2OuWwHWQ4B/XcsE9R+o=
-394,147,T5GAVr/cxWnmFta34ZNE20+r/CI=,RvbcJxOt2OuWwHWQ4B/XcsE9R+o=
-396,155,T5GAVr/cxWnmFta34ZNE20+r/CI=,RvbcJxOt2OuWwHWQ4B/XcsE9R+o=
-397,155,T5GAVr/cxWnmFta34ZNE20+r/CI=,RvbcJxOt2OuWwHWQ4B/XcsE9R+o=
-386,156,T5GAVr/cxWnmFta34ZNE20+r/CI=,RvbcJxOt2OuWwHWQ4B/XcsE9R+o=
-390,145,T5GAVr/cxWnmFta34ZNE20+r/CI=,RvbcJxOt2OuWwHWQ4B/XcsE9R+o=
-385,155,T5GAVr/cxWnmFta34ZNE20+r/CI=,RvbcJxOt2OuWwHWQ4B/XcsE9R+o=
-386,154,T5GAVr/cxWnmFta34ZNE20+r/CI=,RvbcJxOt2OuWwHWQ4B/XcsE9R+o=
-399,156,T5GAVr/cxWnmFta34ZNE20+r/CI=,RvbcJxOt2OuWwHWQ4B/XcsE9R+o=
-387,154,T5GAVr/cxWnmFta34ZNE20+r/CI=,RvbcJxOt2OuWwHWQ4B/XcsE9R+o=
-388,154,T5GAVr/cxWnmFta34ZNE20+r/CI=,RvbcJxOt2OuWwHWQ4B/XcsE9R+o=
-389,154,T5GAVr/cxWnmFta34ZNE20+r/CI=,RvbcJxOt2OuWwHWQ4B/XcsE9R+o=
-390,154,T5GAVr/cxWnmFta34ZNE20+r/CI=,RvbcJxOt2OuWwHWQ4B/XcsE9R+o=
-391,154,T5GAVr/cxWnmFta34ZNE20+r/CI=,RvbcJxOt2OuWwHWQ4B/XcsE9R+o=
-392,154,T5GAVr/cxWnmFta34ZNE20+r/CI=,RvbcJxOt2OuWwHWQ4B/XcsE9R+o=
-393,154,T5GAVr/cxWnmFta34ZNE20+r/CI=,RvbcJxOt2OuWwHWQ4B/XcsE9R+o=
-394,154,T5GAVr/cxWnmFta34ZNE20+r/CI=,RvbcJxOt2OuWwHWQ4B/XcsE9R+o=
-388,144,T5GAVr/cxWnmFta34ZNE20+r/CI=,RvbcJxOt2OuWwHWQ4B/XcsE9R+o=
-395,147,T5GAVr/cxWnmFta34ZNE20+r/CI=,RvbcJxOt2OuWwHWQ4B/XcsE9R+o=
-385,154,T5GAVr/cxWnmFta34ZNE20+r/CI=,RvbcJxOt2OuWwHWQ4B/XcsE9R+o=
-396,154,T5GAVr/cxWnmFta34ZNE20+r/CI=,RvbcJxOt2OuWwHWQ4B/XcsE9R+o=
-395,154,T5GAVr/cxWnmFta34ZNE20+r/CI=,RvbcJxOt2OuWwHWQ4B/XcsE9R+o=
-397,154,T5GAVr/cxWnmFta34ZNE20+r/CI=,RvbcJxOt2OuWwHWQ4B/XcsE9R+o=
-399,150,T5GAVr/cxWnmFta34ZNE20+r/CI=,RvbcJxOt2OuWwHWQ4B/XcsE9R+o=
-395,145,T5GAVr/cxWnmFta34ZNE20+r/CI=,RvbcJxOt2OuWwHWQ4B/XcsE9R+o=
-386,155,T5GAVr/cxWnmFta34ZNE20+r/CI=,RvbcJxOt2OuWwHWQ4B/XcsE9R+o=
-391,145,T5GAVr/cxWnmFta34ZNE20+r/CI=,RvbcJxOt2OuWwHWQ4B/XcsE9R+o=
-398,155,T5GAVr/cxWnmFta34ZNE20+r/CI=,RvbcJxOt2OuWwHWQ4B/XcsE9R+o=
-398,150,T5GAVr/cxWnmFta34ZNE20+r/CI=,RvbcJxOt2OuWwHWQ4B/XcsE9R+o=
-397,150,T5GAVr/cxWnmFta34ZNE20+r/CI=,RvbcJxOt2OuWwHWQ4B/XcsE9R+o=
-396,150,T5GAVr/cxWnmFta34ZNE20+r/CI=,RvbcJxOt2OuWwHWQ4B/XcsE9R+o=
-395,150,T5GAVr/cxWnmFta34ZNE20+r/CI=,RvbcJxOt2OuWwHWQ4B/XcsE9R+o=
-394,150,T5GAVr/cxWnmFta34ZNE20+r/CI=,RvbcJxOt2OuWwHWQ4B/XcsE9R+o=
-393,150,T5GAVr/cxWnmFta34ZNE20+r/CI=,RvbcJxOt2OuWwHWQ4B/XcsE9R+o=
-392,150,T5GAVr/cxWnmFta34ZNE20+r/CI=,RvbcJxOt2OuWwHWQ4B/XcsE9R+o=
-391,150,T5GAVr/cxWnmFta34ZNE20+r/CI=,RvbcJxOt2OuWwHWQ4B/XcsE9R+o=
-398,154,T5GAVr/cxWnmFta34ZNE20+r/CI=,RvbcJxOt2OuWwHWQ4B/XcsE9R+o=
-385,153,T5GAVr/cxWnmFta34ZNE20+r/CI=,RvbcJxOt2OuWwHWQ4B/XcsE9R+o=
-386,153,T5GAVr/cxWnmFta34ZNE20+r/CI=,RvbcJxOt2OuWwHWQ4B/XcsE9R+o=
-387,153,T5GAVr/cxWnmFta34ZNE20+r/CI=,RvbcJxOt2OuWwHWQ4B/XcsE9R+o=
-388,153,T5GAVr/cxWnmFta34ZNE20+r/CI=,RvbcJxOt2OuWwHWQ4B/XcsE9R+o=
-389,153,T5GAVr/cxWnmFta34ZNE20+r/CI=,RvbcJxOt2OuWwHWQ4B/XcsE9R+o=
-390,153,T5GAVr/cxWnmFta34ZNE20+r/CI=,RvbcJxOt2OuWwHWQ4B/XcsE9R+o=
-391,153,T5GAVr/cxWnmFta34ZNE20+r/CI=,RvbcJxOt2OuWwHWQ4B/XcsE9R+o=
-392,153,T5GAVr/cxWnmFta34ZNE20+r/CI=,RvbcJxOt2OuWwHWQ4B/XcsE9R+o=
-393,153,T5GAVr/cxWnmFta34ZNE20+r/CI=,RvbcJxOt2OuWwHWQ4B/XcsE9R+o=
-389,144,T5GAVr/cxWnmFta34ZNE20+r/CI=,RvbcJxOt2OuWwHWQ4B/XcsE9R+o=
-396,147,T5GAVr/cxWnmFta34ZNE20+r/CI=,RvbcJxOt2OuWwHWQ4B/XcsE9R+o=
-394,153,T5GAVr/cxWnmFta34ZNE20+r/CI=,RvbcJxOt2OuWwHWQ4B/XcsE9R+o=
-396,153,T5GAVr/cxWnmFta34ZNE20+r/CI=,RvbcJxOt2OuWwHWQ4B/XcsE9R+o=
-395,153,T5GAVr/cxWnmFta34ZNE20+r/CI=,RvbcJxOt2OuWwHWQ4B/XcsE9R+o=
-397,153,T5GAVr/cxWnmFta34ZNE20+r/CI=,RvbcJxOt2OuWwHWQ4B/XcsE9R+o=
-400,155,T5GAVr/cxWnmFta34ZNE20+r/CI=,RvbcJxOt2OuWwHWQ4B/XcsE9R+o=
-392,145,T5GAVr/cxWnmFta34ZNE20+r/CI=,RvbcJxOt2OuWwHWQ4B/XcsE9R+o=
-399,155,T5GAVr/cxWnmFta34ZNE20+r/CI=,RvbcJxOt2OuWwHWQ4B/XcsE9R+o=
-399,147,T5GAVr/cxWnmFta34ZNE20+r/CI=,RvbcJxOt2OuWwHWQ4B/XcsE9R+o=
-392,144,T5GAVr/cxWnmFta34ZNE20+r/CI=,RvbcJxOt2OuWwHWQ4B/XcsE9R+o=
-390,150,T5GAVr/cxWnmFta34ZNE20+r/CI=,RvbcJxOt2OuWwHWQ4B/XcsE9R+o=
-389,150,T5GAVr/cxWnmFta34ZNE20+r/CI=,RvbcJxOt2OuWwHWQ4B/XcsE9R+o=
-388,150,T5GAVr/cxWnmFta34ZNE20+r/CI=,RvbcJxOt2OuWwHWQ4B/XcsE9R+o=
-387,150,T5GAVr/cxWnmFta34ZNE20+r/CI=,RvbcJxOt2OuWwHWQ4B/XcsE9R+o=
-386,150,T5GAVr/cxWnmFta34ZNE20+r/CI=,RvbcJxOt2OuWwHWQ4B/XcsE9R+o=
-385,150,T5GAVr/cxWnmFta34ZNE20+r/CI=,RvbcJxOt2OuWwHWQ4B/XcsE9R+o=
-398,153,T5GAVr/cxWnmFta34ZNE20+r/CI=,RvbcJxOt2OuWwHWQ4B/XcsE9R+o=
-387,152,T5GAVr/cxWnmFta34ZNE20+r/CI=,RvbcJxOt2OuWwHWQ4B/XcsE9R+o=
-385,152,T5GAVr/cxWnmFta34ZNE20+r/CI=,RvbcJxOt2OuWwHWQ4B/XcsE9R+o=
-386,152,T5GAVr/cxWnmFta34ZNE20+r/CI=,RvbcJxOt2OuWwHWQ4B/XcsE9R+o=
-388,152,T5GAVr/cxWnmFta34ZNE20+r/CI=,RvbcJxOt2OuWwHWQ4B/XcsE9R+o=
-390,152,T5GAVr/cxWnmFta34ZNE20+r/CI=,RvbcJxOt2OuWwHWQ4B/XcsE9R+o=
-389,152,T5GAVr/cxWnmFta34ZNE20+r/CI=,RvbcJxOt2OuWwHWQ4B/XcsE9R+o=
-391,152,T5GAVr/cxWnmFta34ZNE20+r/CI=,RvbcJxOt2OuWwHWQ4B/XcsE9R+o=
-392,152,T5GAVr/cxWnmFta34ZNE20+r/CI=,RvbcJxOt2OuWwHWQ4B/XcsE9R+o=
-390,144,T5GAVr/cxWnmFta34ZNE20+r/CI=,RvbcJxOt2OuWwHWQ4B/XcsE9R+o=
-393,152,T5GAVr/cxWnmFta34ZNE20+r/CI=,RvbcJxOt2OuWwHWQ4B/XcsE9R+o=
-397,147,T5GAVr/cxWnmFta34ZNE20+r/CI=,RvbcJxOt2OuWwHWQ4B/XcsE9R+o=
-394,152,T5GAVr/cxWnmFta34ZNE20+r/CI=,RvbcJxOt2OuWwHWQ4B/XcsE9R+o=
-395,152,T5GAVr/cxWnmFta34ZNE20+r/CI=,RvbcJxOt2OuWwHWQ4B/XcsE9R+o=
-396,152,T5GAVr/cxWnmFta34ZNE20+r/CI=,RvbcJxOt2OuWwHWQ4B/XcsE9R+o=
-397,152,T5GAVr/cxWnmFta34ZNE20+r/CI=,RvbcJxOt2OuWwHWQ4B/XcsE9R+o=
-393,145,T5GAVr/cxWnmFta34ZNE20+r/CI=,RvbcJxOt2OuWwHWQ4B/XcsE9R+o=
-400,156,T5GAVr/cxWnmFta34ZNE20+r/CI=,RvbcJxOt2OuWwHWQ4B/XcsE9R+o=
-385,151,T5GAVr/cxWnmFta34ZNE20+r/CI=,RvbcJxOt2OuWwHWQ4B/XcsE9R+o=
-399,154,T5GAVr/cxWnmFta34ZNE20+r/CI=,RvbcJxOt2OuWwHWQ4B/XcsE9R+o=
-386,151,T5GAVr/cxWnmFta34ZNE20+r/CI=,RvbcJxOt2OuWwHWQ4B/XcsE9R+o=
-387,151,T5GAVr/cxWnmFta34ZNE20+r/CI=,RvbcJxOt2OuWwHWQ4B/XcsE9R+o=
-388,151,T5GAVr/cxWnmFta34ZNE20+r/CI=,RvbcJxOt2OuWwHWQ4B/XcsE9R+o=
-389,151,T5GAVr/cxWnmFta34ZNE20+r/CI=,RvbcJxOt2OuWwHWQ4B/XcsE9R+o=
-390,151,T5GAVr/cxWnmFta34ZNE20+r/CI=,RvbcJxOt2OuWwHWQ4B/XcsE9R+o=
-391,151,T5GAVr/cxWnmFta34ZNE20+r/CI=,RvbcJxOt2OuWwHWQ4B/XcsE9R+o=
-391,144,T5GAVr/cxWnmFta34ZNE20+r/CI=,RvbcJxOt2OuWwHWQ4B/XcsE9R+o=
-399,153,T5GAVr/cxWnmFta34ZNE20+r/CI=,RvbcJxOt2OuWwHWQ4B/XcsE9R+o=
-392,151,T5GAVr/cxWnmFta34ZNE20+r/CI=,RvbcJxOt2OuWwHWQ4B/XcsE9R+o=
-393,151,T5GAVr/cxWnmFta34ZNE20+r/CI=,RvbcJxOt2OuWwHWQ4B/XcsE9R+o=
-400,154,T5GAVr/cxWnmFta34ZNE20+r/CI=,RvbcJxOt2OuWwHWQ4B/XcsE9R+o=
-394,151,T5GAVr/cxWnmFta34ZNE20+r/CI=,RvbcJxOt2OuWwHWQ4B/XcsE9R+o=
-395,151,T5GAVr/cxWnmFta34ZNE20+r/CI=,RvbcJxOt2OuWwHWQ4B/XcsE9R+o=
-396,151,T5GAVr/cxWnmFta34ZNE20+r/CI=,RvbcJxOt2OuWwHWQ4B/XcsE9R+o=
-397,151,T5GAVr/cxWnmFta34ZNE20+r/CI=,RvbcJxOt2OuWwHWQ4B/XcsE9R+o=
-394,145,T5GAVr/cxWnmFta34ZNE20+r/CI=,RvbcJxOt2OuWwHWQ4B/XcsE9R+o=
-398,152,T5GAVr/cxWnmFta34ZNE20+r/CI=,RvbcJxOt2OuWwHWQ4B/XcsE9R+o=
-400,151,T5GAVr/cxWnmFta34ZNE20+r/CI=,RvbcJxOt2OuWwHWQ4B/XcsE9R+o=
-399,152,T5GAVr/cxWnmFta34ZNE20+r/CI=,RvbcJxOt2OuWwHWQ4B/XcsE9R+o=
-400,153,T5GAVr/cxWnmFta34ZNE20+r/CI=,RvbcJxOt2OuWwHWQ4B/XcsE9R+o=
-397,157,T5GAVr/cxWnmFta34ZNE20+r/CI=,RvbcJxOt2OuWwHWQ4B/XcsE9R+o=
-400,152,T5GAVr/cxWnmFta34ZNE20+r/CI=,RvbcJxOt2OuWwHWQ4B/XcsE9R+o=
-398,147,T5GAVr/cxWnmFta34ZNE20+r/CI=,RvbcJxOt2OuWwHWQ4B/XcsE9R+o=
-399,151,T5GAVr/cxWnmFta34ZNE20+r/CI=,RvbcJxOt2OuWwHWQ4B/XcsE9R+o=
-398,151,T5GAVr/cxWnmFta34ZNE20+r/CI=,RvbcJxOt2OuWwHWQ4B/XcsE9R+o=
-385,143,I0ulA7bP7exLag14yAFnlsOoMiw=,KlWG3y3xD7e2fR1qPmwnxnowWS8=
-397,128,I0ulA7bP7exLag14yAFnlsOoMiw=,KlWG3y3xD7e2fR1qPmwnxnowWS8=
-387,130,I0ulA7bP7exLag14yAFnlsOoMiw=,KlWG3y3xD7e2fR1qPmwnxnowWS8=
-385,129,I0ulA7bP7exLag14yAFnlsOoMiw=,KlWG3y3xD7e2fR1qPmwnxnowWS8=
-389,131,I0ulA7bP7exLag14yAFnlsOoMiw=,KlWG3y3xD7e2fR1qPmwnxnowWS8=
-387,143,I0ulA7bP7exLag14yAFnlsOoMiw=,KlWG3y3xD7e2fR1qPmwnxnowWS8=
-386,143,I0ulA7bP7exLag14yAFnlsOoMiw=,KlWG3y3xD7e2fR1qPmwnxnowWS8=
-388,143,I0ulA7bP7exLag14yAFnlsOoMiw=,KlWG3y3xD7e2fR1qPmwnxnowWS8=
-390,143,I0ulA7bP7exLag14yAFnlsOoMiw=,KlWG3y3xD7e2fR1qPmwnxnowWS8=
-389,143,I0ulA7bP7exLag14yAFnlsOoMiw=,KlWG3y3xD7e2fR1qPmwnxnowWS8=
-391,143,I0ulA7bP7exLag14yAFnlsOoMiw=,KlWG3y3xD7e2fR1qPmwnxnowWS8=
-392,143,I0ulA7bP7exLag14yAFnlsOoMiw=,KlWG3y3xD7e2fR1qPmwnxnowWS8=
-394,143,I0ulA7bP7exLag14yAFnlsOoMiw=,KlWG3y3xD7e2fR1qPmwnxnowWS8=
-393,143,I0ulA7bP7exLag14yAFnlsOoMiw=,KlWG3y3xD7e2fR1qPmwnxnowWS8=
-395,143,I0ulA7bP7exLag14yAFnlsOoMiw=,KlWG3y3xD7e2fR1qPmwnxnowWS8=
-396,143,I0ulA7bP7exLag14yAFnlsOoMiw=,KlWG3y3xD7e2fR1qPmwnxnowWS8=
-388,130,I0ulA7bP7exLag14yAFnlsOoMiw=,KlWG3y3xD7e2fR1qPmwnxnowWS8=
-389,130,I0ulA7bP7exLag14yAFnlsOoMiw=,KlWG3y3xD7e2fR1qPmwnxnowWS8=
-390,130,I0ulA7bP7exLag14yAFnlsOoMiw=,KlWG3y3xD7e2fR1qPmwnxnowWS8=
-391,130,I0ulA7bP7exLag14yAFnlsOoMiw=,KlWG3y3xD7e2fR1qPmwnxnowWS8=
-392,130,I0ulA7bP7exLag14yAFnlsOoMiw=,KlWG3y3xD7e2fR1qPmwnxnowWS8=
-393,130,I0ulA7bP7exLag14yAFnlsOoMiw=,KlWG3y3xD7e2fR1qPmwnxnowWS8=
-394,130,I0ulA7bP7exLag14yAFnlsOoMiw=,KlWG3y3xD7e2fR1qPmwnxnowWS8=
-395,130,I0ulA7bP7exLag14yAFnlsOoMiw=,KlWG3y3xD7e2fR1qPmwnxnowWS8=
-398,130,I0ulA7bP7exLag14yAFnlsOoMiw=,KlWG3y3xD7e2fR1qPmwnxnowWS8=
-396,130,I0ulA7bP7exLag14yAFnlsOoMiw=,KlWG3y3xD7e2fR1qPmwnxnowWS8=
-397,130,I0ulA7bP7exLag14yAFnlsOoMiw=,KlWG3y3xD7e2fR1qPmwnxnowWS8=
-399,130,I0ulA7bP7exLag14yAFnlsOoMiw=,KlWG3y3xD7e2fR1qPmwnxnowWS8=
-400,130,I0ulA7bP7exLag14yAFnlsOoMiw=,KlWG3y3xD7e2fR1qPmwnxnowWS8=
-397,143,I0ulA7bP7exLag14yAFnlsOoMiw=,KlWG3y3xD7e2fR1qPmwnxnowWS8=
-398,143,I0ulA7bP7exLag14yAFnlsOoMiw=,KlWG3y3xD7e2fR1qPmwnxnowWS8=
-398,128,I0ulA7bP7exLag14yAFnlsOoMiw=,KlWG3y3xD7e2fR1qPmwnxnowWS8=
-399,143,I0ulA7bP7exLag14yAFnlsOoMiw=,KlWG3y3xD7e2fR1qPmwnxnowWS8=
-390,131,I0ulA7bP7exLag14yAFnlsOoMiw=,KlWG3y3xD7e2fR1qPmwnxnowWS8=
-400,143,I0ulA7bP7exLag14yAFnlsOoMiw=,KlWG3y3xD7e2fR1qPmwnxnowWS8=
-386,129,I0ulA7bP7exLag14yAFnlsOoMiw=,KlWG3y3xD7e2fR1qPmwnxnowWS8=
-385,142,I0ulA7bP7exLag14yAFnlsOoMiw=,KlWG3y3xD7e2fR1qPmwnxnowWS8=
-387,142,I0ulA7bP7exLag14yAFnlsOoMiw=,KlWG3y3xD7e2fR1qPmwnxnowWS8=
-388,142,I0ulA7bP7exLag14yAFnlsOoMiw=,KlWG3y3xD7e2fR1qPmwnxnowWS8=
-386,142,I0ulA7bP7exLag14yAFnlsOoMiw=,KlWG3y3xD7e2fR1qPmwnxnowWS8=
-389,142,I0ulA7bP7exLag14yAFnlsOoMiw=,KlWG3y3xD7e2fR1qPmwnxnowWS8=
-390,142,I0ulA7bP7exLag14yAFnlsOoMiw=,KlWG3y3xD7e2fR1qPmwnxnowWS8=
-392,142,I0ulA7bP7exLag14yAFnlsOoMiw=,KlWG3y3xD7e2fR1qPmwnxnowWS8=
-391,142,I0ulA7bP7exLag14yAFnlsOoMiw=,KlWG3y3xD7e2fR1qPmwnxnowWS8=
-393,142,I0ulA7bP7exLag14yAFnlsOoMiw=,KlWG3y3xD7e2fR1qPmwnxnowWS8=
-394,142,I0ulA7bP7exLag14yAFnlsOoMiw=,KlWG3y3xD7e2fR1qPmwnxnowWS8=
-396,142,I0ulA7bP7exLag14yAFnlsOoMiw=,KlWG3y3xD7e2fR1qPmwnxnowWS8=
-397,142,I0ulA7bP7exLag14yAFnlsOoMiw=,KlWG3y3xD7e2fR1qPmwnxnowWS8=
-398,142,I0ulA7bP7exLag14yAFnlsOoMiw=,KlWG3y3xD7e2fR1qPmwnxnowWS8=
-399,129,I0ulA7bP7exLag14yAFnlsOoMiw=,KlWG3y3xD7e2fR1qPmwnxnowWS8=
-391,131,I0ulA7bP7exLag14yAFnlsOoMiw=,KlWG3y3xD7e2fR1qPmwnxnowWS8=
-400,129,I0ulA7bP7exLag14yAFnlsOoMiw=,KlWG3y3xD7e2fR1qPmwnxnowWS8=
-395,142,I0ulA7bP7exLag14yAFnlsOoMiw=,KlWG3y3xD7e2fR1qPmwnxnowWS8=
-400,142,I0ulA7bP7exLag14yAFnlsOoMiw=,KlWG3y3xD7e2fR1qPmwnxnowWS8=
-385,141,I0ulA7bP7exLag14yAFnlsOoMiw=,KlWG3y3xD7e2fR1qPmwnxnowWS8=
-399,142,I0ulA7bP7exLag14yAFnlsOoMiw=,KlWG3y3xD7e2fR1qPmwnxnowWS8=
-386,141,I0ulA7bP7exLag14yAFnlsOoMiw=,KlWG3y3xD7e2fR1qPmwnxnowWS8=
-387,141,I0ulA7bP7exLag14yAFnlsOoMiw=,KlWG3y3xD7e2fR1qPmwnxnowWS8=
-399,128,I0ulA7bP7exLag14yAFnlsOoMiw=,KlWG3y3xD7e2fR1qPmwnxnowWS8=
-388,141,I0ulA7bP7exLag14yAFnlsOoMiw=,KlWG3y3xD7e2fR1qPmwnxnowWS8=
-389,141,I0ulA7bP7exLag14yAFnlsOoMiw=,KlWG3y3xD7e2fR1qPmwnxnowWS8=
-390,141,I0ulA7bP7exLag14yAFnlsOoMiw=,KlWG3y3xD7e2fR1qPmwnxnowWS8=
-388,131,I0ulA7bP7exLag14yAFnlsOoMiw=,KlWG3y3xD7e2fR1qPmwnxnowWS8=
-392,141,I0ulA7bP7exLag14yAFnlsOoMiw=,KlWG3y3xD7e2fR1qPmwnxnowWS8=
-393,141,I0ulA7bP7exLag14yAFnlsOoMiw=,KlWG3y3xD7e2fR1qPmwnxnowWS8=
-391,141,I0ulA7bP7exLag14yAFnlsOoMiw=,KlWG3y3xD7e2fR1qPmwnxnowWS8=
-394,141,I0ulA7bP7exLag14yAFnlsOoMiw=,KlWG3y3xD7e2fR1qPmwnxnowWS8=
-395,141,I0ulA7bP7exLag14yAFnlsOoMiw=,KlWG3y3xD7e2fR1qPmwnxnowWS8=
-397,141,I0ulA7bP7exLag14yAFnlsOoMiw=,KlWG3y3xD7e2fR1qPmwnxnowWS8=
-386,130,I0ulA7bP7exLag14yAFnlsOoMiw=,KlWG3y3xD7e2fR1qPmwnxnowWS8=
-392,131,I0ulA7bP7exLag14yAFnlsOoMiw=,KlWG3y3xD7e2fR1qPmwnxnowWS8=
-387,129,I0ulA7bP7exLag14yAFnlsOoMiw=,KlWG3y3xD7e2fR1qPmwnxnowWS8=
-385,128,I0ulA7bP7exLag14yAFnlsOoMiw=,KlWG3y3xD7e2fR1qPmwnxnowWS8=
-398,141,I0ulA7bP7exLag14yAFnlsOoMiw=,KlWG3y3xD7e2fR1qPmwnxnowWS8=
-399,141,I0ulA7bP7exLag14yAFnlsOoMiw=,KlWG3y3xD7e2fR1qPmwnxnowWS8=
-396,128,I0ulA7bP7exLag14yAFnlsOoMiw=,KlWG3y3xD7e2fR1qPmwnxnowWS8=
-388,129,I0ulA7bP7exLag14yAFnlsOoMiw=,KlWG3y3xD7e2fR1qPmwnxnowWS8=
-400,128,I0ulA7bP7exLag14yAFnlsOoMiw=,KlWG3y3xD7e2fR1qPmwnxnowWS8=
-396,141,I0ulA7bP7exLag14yAFnlsOoMiw=,KlWG3y3xD7e2fR1qPmwnxnowWS8=
-400,141,I0ulA7bP7exLag14yAFnlsOoMiw=,KlWG3y3xD7e2fR1qPmwnxnowWS8=
-386,140,I0ulA7bP7exLag14yAFnlsOoMiw=,KlWG3y3xD7e2fR1qPmwnxnowWS8=
-387,131,I0ulA7bP7exLag14yAFnlsOoMiw=,KlWG3y3xD7e2fR1qPmwnxnowWS8=
-388,140,I0ulA7bP7exLag14yAFnlsOoMiw=,KlWG3y3xD7e2fR1qPmwnxnowWS8=
-390,140,I0ulA7bP7exLag14yAFnlsOoMiw=,KlWG3y3xD7e2fR1qPmwnxnowWS8=
-389,140,I0ulA7bP7exLag14yAFnlsOoMiw=,KlWG3y3xD7e2fR1qPmwnxnowWS8=
-387,140,I0ulA7bP7exLag14yAFnlsOoMiw=,KlWG3y3xD7e2fR1qPmwnxnowWS8=
-386,131,I0ulA7bP7exLag14yAFnlsOoMiw=,KlWG3y3xD7e2fR1qPmwnxnowWS8=
-385,140,I0ulA7bP7exLag14yAFnlsOoMiw=,KlWG3y3xD7e2fR1qPmwnxnowWS8=
-391,140,I0ulA7bP7exLag14yAFnlsOoMiw=,KlWG3y3xD7e2fR1qPmwnxnowWS8=
-394,140,I0ulA7bP7exLag14yAFnlsOoMiw=,KlWG3y3xD7e2fR1qPmwnxnowWS8=
-392,140,I0ulA7bP7exLag14yAFnlsOoMiw=,KlWG3y3xD7e2fR1qPmwnxnowWS8=
-385,131,I0ulA7bP7exLag14yAFnlsOoMiw=,KlWG3y3xD7e2fR1qPmwnxnowWS8=
-395,140,I0ulA7bP7exLag14yAFnlsOoMiw=,KlWG3y3xD7e2fR1qPmwnxnowWS8=
-393,140,I0ulA7bP7exLag14yAFnlsOoMiw=,KlWG3y3xD7e2fR1qPmwnxnowWS8=
-386,128,I0ulA7bP7exLag14yAFnlsOoMiw=,KlWG3y3xD7e2fR1qPmwnxnowWS8=
-396,140,I0ulA7bP7exLag14yAFnlsOoMiw=,KlWG3y3xD7e2fR1qPmwnxnowWS8=
-397,140,I0ulA7bP7exLag14yAFnlsOoMiw=,KlWG3y3xD7e2fR1qPmwnxnowWS8=
-395,128,I0ulA7bP7exLag14yAFnlsOoMiw=,KlWG3y3xD7e2fR1qPmwnxnowWS8=
-399,140,I0ulA7bP7exLag14yAFnlsOoMiw=,KlWG3y3xD7e2fR1qPmwnxnowWS8=
-398,140,I0ulA7bP7exLag14yAFnlsOoMiw=,KlWG3y3xD7e2fR1qPmwnxnowWS8=
-393,131,I0ulA7bP7exLag14yAFnlsOoMiw=,KlWG3y3xD7e2fR1qPmwnxnowWS8=
-400,140,I0ulA7bP7exLag14yAFnlsOoMiw=,KlWG3y3xD7e2fR1qPmwnxnowWS8=
-389,129,I0ulA7bP7exLag14yAFnlsOoMiw=,KlWG3y3xD7e2fR1qPmwnxnowWS8=
-398,129,I0ulA7bP7exLag14yAFnlsOoMiw=,KlWG3y3xD7e2fR1qPmwnxnowWS8=
-387,139,I0ulA7bP7exLag14yAFnlsOoMiw=,KlWG3y3xD7e2fR1qPmwnxnowWS8=
-385,139,I0ulA7bP7exLag14yAFnlsOoMiw=,KlWG3y3xD7e2fR1qPmwnxnowWS8=
-388,139,I0ulA7bP7exLag14yAFnlsOoMiw=,KlWG3y3xD7e2fR1qPmwnxnowWS8=
-386,139,I0ulA7bP7exLag14yAFnlsOoMiw=,KlWG3y3xD7e2fR1qPmwnxnowWS8=
-390,139,I0ulA7bP7exLag14yAFnlsOoMiw=,KlWG3y3xD7e2fR1qPmwnxnowWS8=
-400,132,I0ulA7bP7exLag14yAFnlsOoMiw=,KlWG3y3xD7e2fR1qPmwnxnowWS8=
-392,139,I0ulA7bP7exLag14yAFnlsOoMiw=,KlWG3y3xD7e2fR1qPmwnxnowWS8=
-391,139,I0ulA7bP7exLag14yAFnlsOoMiw=,KlWG3y3xD7e2fR1qPmwnxnowWS8=
-389,139,I0ulA7bP7exLag14yAFnlsOoMiw=,KlWG3y3xD7e2fR1qPmwnxnowWS8=
-393,139,I0ulA7bP7exLag14yAFnlsOoMiw=,KlWG3y3xD7e2fR1qPmwnxnowWS8=
-394,139,I0ulA7bP7exLag14yAFnlsOoMiw=,KlWG3y3xD7e2fR1qPmwnxnowWS8=
-395,139,I0ulA7bP7exLag14yAFnlsOoMiw=,KlWG3y3xD7e2fR1qPmwnxnowWS8=
-399,132,I0ulA7bP7exLag14yAFnlsOoMiw=,KlWG3y3xD7e2fR1qPmwnxnowWS8=
-394,131,I0ulA7bP7exLag14yAFnlsOoMiw=,KlWG3y3xD7e2fR1qPmwnxnowWS8=
-387,128,I0ulA7bP7exLag14yAFnlsOoMiw=,KlWG3y3xD7e2fR1qPmwnxnowWS8=
-397,139,I0ulA7bP7exLag14yAFnlsOoMiw=,KlWG3y3xD7e2fR1qPmwnxnowWS8=
-398,139,I0ulA7bP7exLag14yAFnlsOoMiw=,KlWG3y3xD7e2fR1qPmwnxnowWS8=
-396,139,I0ulA7bP7exLag14yAFnlsOoMiw=,KlWG3y3xD7e2fR1qPmwnxnowWS8=
-399,139,I0ulA7bP7exLag14yAFnlsOoMiw=,KlWG3y3xD7e2fR1qPmwnxnowWS8=
-400,139,I0ulA7bP7exLag14yAFnlsOoMiw=,KlWG3y3xD7e2fR1qPmwnxnowWS8=
-398,132,I0ulA7bP7exLag14yAFnlsOoMiw=,KlWG3y3xD7e2fR1qPmwnxnowWS8=
-385,138,I0ulA7bP7exLag14yAFnlsOoMiw=,KlWG3y3xD7e2fR1qPmwnxnowWS8=
-390,129,I0ulA7bP7exLag14yAFnlsOoMiw=,KlWG3y3xD7e2fR1qPmwnxnowWS8=
-386,138,I0ulA7bP7exLag14yAFnlsOoMiw=,KlWG3y3xD7e2fR1qPmwnxnowWS8=
-387,138,I0ulA7bP7exLag14yAFnlsOoMiw=,KlWG3y3xD7e2fR1qPmwnxnowWS8=
-388,138,I0ulA7bP7exLag14yAFnlsOoMiw=,KlWG3y3xD7e2fR1qPmwnxnowWS8=
-389,138,I0ulA7bP7exLag14yAFnlsOoMiw=,KlWG3y3xD7e2fR1qPmwnxnowWS8=
-397,132,I0ulA7bP7exLag14yAFnlsOoMiw=,KlWG3y3xD7e2fR1qPmwnxnowWS8=
-390,138,I0ulA7bP7exLag14yAFnlsOoMiw=,KlWG3y3xD7e2fR1qPmwnxnowWS8=
-392,138,I0ulA7bP7exLag14yAFnlsOoMiw=,KlWG3y3xD7e2fR1qPmwnxnowWS8=
-391,138,I0ulA7bP7exLag14yAFnlsOoMiw=,KlWG3y3xD7e2fR1qPmwnxnowWS8=
-396,132,I0ulA7bP7exLag14yAFnlsOoMiw=,KlWG3y3xD7e2fR1qPmwnxnowWS8=
-393,138,I0ulA7bP7exLag14yAFnlsOoMiw=,KlWG3y3xD7e2fR1qPmwnxnowWS8=
-394,138,I0ulA7bP7exLag14yAFnlsOoMiw=,KlWG3y3xD7e2fR1qPmwnxnowWS8=
-388,128,I0ulA7bP7exLag14yAFnlsOoMiw=,KlWG3y3xD7e2fR1qPmwnxnowWS8=
-395,132,I0ulA7bP7exLag14yAFnlsOoMiw=,KlWG3y3xD7e2fR1qPmwnxnowWS8=
-395,131,I0ulA7bP7exLag14yAFnlsOoMiw=,KlWG3y3xD7e2fR1qPmwnxnowWS8=
-395,138,I0ulA7bP7exLag14yAFnlsOoMiw=,KlWG3y3xD7e2fR1qPmwnxnowWS8=
-397,138,I0ulA7bP7exLag14yAFnlsOoMiw=,KlWG3y3xD7e2fR1qPmwnxnowWS8=
-396,138,I0ulA7bP7exLag14yAFnlsOoMiw=,KlWG3y3xD7e2fR1qPmwnxnowWS8=
-398,138,I0ulA7bP7exLag14yAFnlsOoMiw=,KlWG3y3xD7e2fR1qPmwnxnowWS8=
-399,138,I0ulA7bP7exLag14yAFnlsOoMiw=,KlWG3y3xD7e2fR1qPmwnxnowWS8=
-394,132,I0ulA7bP7exLag14yAFnlsOoMiw=,KlWG3y3xD7e2fR1qPmwnxnowWS8=
-400,138,I0ulA7bP7exLag14yAFnlsOoMiw=,KlWG3y3xD7e2fR1qPmwnxnowWS8=
-385,137,I0ulA7bP7exLag14yAFnlsOoMiw=,KlWG3y3xD7e2fR1qPmwnxnowWS8=
-391,129,I0ulA7bP7exLag14yAFnlsOoMiw=,KlWG3y3xD7e2fR1qPmwnxnowWS8=
-393,132,I0ulA7bP7exLag14yAFnlsOoMiw=,KlWG3y3xD7e2fR1qPmwnxnowWS8=
-386,137,I0ulA7bP7exLag14yAFnlsOoMiw=,KlWG3y3xD7e2fR1qPmwnxnowWS8=
-387,137,I0ulA7bP7exLag14yAFnlsOoMiw=,KlWG3y3xD7e2fR1qPmwnxnowWS8=
-389,137,I0ulA7bP7exLag14yAFnlsOoMiw=,KlWG3y3xD7e2fR1qPmwnxnowWS8=
-388,137,I0ulA7bP7exLag14yAFnlsOoMiw=,KlWG3y3xD7e2fR1qPmwnxnowWS8=
-390,137,I0ulA7bP7exLag14yAFnlsOoMiw=,KlWG3y3xD7e2fR1qPmwnxnowWS8=
-392,132,I0ulA7bP7exLag14yAFnlsOoMiw=,KlWG3y3xD7e2fR1qPmwnxnowWS8=
-391,137,I0ulA7bP7exLag14yAFnlsOoMiw=,KlWG3y3xD7e2fR1qPmwnxnowWS8=
-392,137,I0ulA7bP7exLag14yAFnlsOoMiw=,KlWG3y3xD7e2fR1qPmwnxnowWS8=
-393,137,I0ulA7bP7exLag14yAFnlsOoMiw=,KlWG3y3xD7e2fR1qPmwnxnowWS8=
-396,131,I0ulA7bP7exLag14yAFnlsOoMiw=,KlWG3y3xD7e2fR1qPmwnxnowWS8=
-391,132,I0ulA7bP7exLag14yAFnlsOoMiw=,KlWG3y3xD7e2fR1qPmwnxnowWS8=
-389,128,I0ulA7bP7exLag14yAFnlsOoMiw=,KlWG3y3xD7e2fR1qPmwnxnowWS8=
-394,137,I0ulA7bP7exLag14yAFnlsOoMiw=,KlWG3y3xD7e2fR1qPmwnxnowWS8=
-397,137,I0ulA7bP7exLag14yAFnlsOoMiw=,KlWG3y3xD7e2fR1qPmwnxnowWS8=
-395,137,I0ulA7bP7exLag14yAFnlsOoMiw=,KlWG3y3xD7e2fR1qPmwnxnowWS8=
-396,137,I0ulA7bP7exLag14yAFnlsOoMiw=,KlWG3y3xD7e2fR1qPmwnxnowWS8=
-390,132,I0ulA7bP7exLag14yAFnlsOoMiw=,KlWG3y3xD7e2fR1qPmwnxnowWS8=
-399,137,I0ulA7bP7exLag14yAFnlsOoMiw=,KlWG3y3xD7e2fR1qPmwnxnowWS8=
-398,137,I0ulA7bP7exLag14yAFnlsOoMiw=,KlWG3y3xD7e2fR1qPmwnxnowWS8=
-400,137,I0ulA7bP7exLag14yAFnlsOoMiw=,KlWG3y3xD7e2fR1qPmwnxnowWS8=
-385,136,I0ulA7bP7exLag14yAFnlsOoMiw=,KlWG3y3xD7e2fR1qPmwnxnowWS8=
-392,129,I0ulA7bP7exLag14yAFnlsOoMiw=,KlWG3y3xD7e2fR1qPmwnxnowWS8=
-386,136,I0ulA7bP7exLag14yAFnlsOoMiw=,KlWG3y3xD7e2fR1qPmwnxnowWS8=
-385,130,I0ulA7bP7exLag14yAFnlsOoMiw=,KlWG3y3xD7e2fR1qPmwnxnowWS8=
-388,136,I0ulA7bP7exLag14yAFnlsOoMiw=,KlWG3y3xD7e2fR1qPmwnxnowWS8=
-389,136,I0ulA7bP7exLag14yAFnlsOoMiw=,KlWG3y3xD7e2fR1qPmwnxnowWS8=
-387,136,I0ulA7bP7exLag14yAFnlsOoMiw=,KlWG3y3xD7e2fR1qPmwnxnowWS8=
-389,132,I0ulA7bP7exLag14yAFnlsOoMiw=,KlWG3y3xD7e2fR1qPmwnxnowWS8=
-390,136,I0ulA7bP7exLag14yAFnlsOoMiw=,KlWG3y3xD7e2fR1qPmwnxnowWS8=
-392,136,I0ulA7bP7exLag14yAFnlsOoMiw=,KlWG3y3xD7e2fR1qPmwnxnowWS8=
-390,128,I0ulA7bP7exLag14yAFnlsOoMiw=,KlWG3y3xD7e2fR1qPmwnxnowWS8=
-394,128,I0ulA7bP7exLag14yAFnlsOoMiw=,KlWG3y3xD7e2fR1qPmwnxnowWS8=
-391,136,I0ulA7bP7exLag14yAFnlsOoMiw=,KlWG3y3xD7e2fR1qPmwnxnowWS8=
-397,131,I0ulA7bP7exLag14yAFnlsOoMiw=,KlWG3y3xD7e2fR1qPmwnxnowWS8=
-393,136,I0ulA7bP7exLag14yAFnlsOoMiw=,KlWG3y3xD7e2fR1qPmwnxnowWS8=
-394,136,I0ulA7bP7exLag14yAFnlsOoMiw=,KlWG3y3xD7e2fR1qPmwnxnowWS8=
-395,136,I0ulA7bP7exLag14yAFnlsOoMiw=,KlWG3y3xD7e2fR1qPmwnxnowWS8=
-397,136,I0ulA7bP7exLag14yAFnlsOoMiw=,KlWG3y3xD7e2fR1qPmwnxnowWS8=
-398,136,I0ulA7bP7exLag14yAFnlsOoMiw=,KlWG3y3xD7e2fR1qPmwnxnowWS8=
-400,136,I0ulA7bP7exLag14yAFnlsOoMiw=,KlWG3y3xD7e2fR1qPmwnxnowWS8=
-399,136,I0ulA7bP7exLag14yAFnlsOoMiw=,KlWG3y3xD7e2fR1qPmwnxnowWS8=
-393,129,I0ulA7bP7exLag14yAFnlsOoMiw=,KlWG3y3xD7e2fR1qPmwnxnowWS8=
-385,135,I0ulA7bP7exLag14yAFnlsOoMiw=,KlWG3y3xD7e2fR1qPmwnxnowWS8=
-386,135,I0ulA7bP7exLag14yAFnlsOoMiw=,KlWG3y3xD7e2fR1qPmwnxnowWS8=
-387,135,I0ulA7bP7exLag14yAFnlsOoMiw=,KlWG3y3xD7e2fR1qPmwnxnowWS8=
-388,135,I0ulA7bP7exLag14yAFnlsOoMiw=,KlWG3y3xD7e2fR1qPmwnxnowWS8=
-389,135,I0ulA7bP7exLag14yAFnlsOoMiw=,KlWG3y3xD7e2fR1qPmwnxnowWS8=
-390,135,I0ulA7bP7exLag14yAFnlsOoMiw=,KlWG3y3xD7e2fR1qPmwnxnowWS8=
-391,135,I0ulA7bP7exLag14yAFnlsOoMiw=,KlWG3y3xD7e2fR1qPmwnxnowWS8=
-391,128,I0ulA7bP7exLag14yAFnlsOoMiw=,KlWG3y3xD7e2fR1qPmwnxnowWS8=
-398,131,I0ulA7bP7exLag14yAFnlsOoMiw=,KlWG3y3xD7e2fR1qPmwnxnowWS8=
-392,135,I0ulA7bP7exLag14yAFnlsOoMiw=,KlWG3y3xD7e2fR1qPmwnxnowWS8=
-393,135,I0ulA7bP7exLag14yAFnlsOoMiw=,KlWG3y3xD7e2fR1qPmwnxnowWS8=
-394,135,I0ulA7bP7exLag14yAFnlsOoMiw=,KlWG3y3xD7e2fR1qPmwnxnowWS8=
-395,135,I0ulA7bP7exLag14yAFnlsOoMiw=,KlWG3y3xD7e2fR1qPmwnxnowWS8=
-396,135,I0ulA7bP7exLag14yAFnlsOoMiw=,KlWG3y3xD7e2fR1qPmwnxnowWS8=
-397,135,I0ulA7bP7exLag14yAFnlsOoMiw=,KlWG3y3xD7e2fR1qPmwnxnowWS8=
-398,135,I0ulA7bP7exLag14yAFnlsOoMiw=,KlWG3y3xD7e2fR1qPmwnxnowWS8=
-400,135,I0ulA7bP7exLag14yAFnlsOoMiw=,KlWG3y3xD7e2fR1qPmwnxnowWS8=
-399,135,I0ulA7bP7exLag14yAFnlsOoMiw=,KlWG3y3xD7e2fR1qPmwnxnowWS8=
-394,129,I0ulA7bP7exLag14yAFnlsOoMiw=,KlWG3y3xD7e2fR1qPmwnxnowWS8=
-385,134,I0ulA7bP7exLag14yAFnlsOoMiw=,KlWG3y3xD7e2fR1qPmwnxnowWS8=
-386,134,I0ulA7bP7exLag14yAFnlsOoMiw=,KlWG3y3xD7e2fR1qPmwnxnowWS8=
-387,134,I0ulA7bP7exLag14yAFnlsOoMiw=,KlWG3y3xD7e2fR1qPmwnxnowWS8=
-388,134,I0ulA7bP7exLag14yAFnlsOoMiw=,KlWG3y3xD7e2fR1qPmwnxnowWS8=
-389,134,I0ulA7bP7exLag14yAFnlsOoMiw=,KlWG3y3xD7e2fR1qPmwnxnowWS8=
-390,134,I0ulA7bP7exLag14yAFnlsOoMiw=,KlWG3y3xD7e2fR1qPmwnxnowWS8=
-399,131,I0ulA7bP7exLag14yAFnlsOoMiw=,KlWG3y3xD7e2fR1qPmwnxnowWS8=
-396,136,I0ulA7bP7exLag14yAFnlsOoMiw=,KlWG3y3xD7e2fR1qPmwnxnowWS8=
-388,132,I0ulA7bP7exLag14yAFnlsOoMiw=,KlWG3y3xD7e2fR1qPmwnxnowWS8=
-392,134,I0ulA7bP7exLag14yAFnlsOoMiw=,KlWG3y3xD7e2fR1qPmwnxnowWS8=
-393,134,I0ulA7bP7exLag14yAFnlsOoMiw=,KlWG3y3xD7e2fR1qPmwnxnowWS8=
-387,132,I0ulA7bP7exLag14yAFnlsOoMiw=,KlWG3y3xD7e2fR1qPmwnxnowWS8=
-394,134,I0ulA7bP7exLag14yAFnlsOoMiw=,KlWG3y3xD7e2fR1qPmwnxnowWS8=
-386,132,I0ulA7bP7exLag14yAFnlsOoMiw=,KlWG3y3xD7e2fR1qPmwnxnowWS8=
-396,134,I0ulA7bP7exLag14yAFnlsOoMiw=,KlWG3y3xD7e2fR1qPmwnxnowWS8=
-397,134,I0ulA7bP7exLag14yAFnlsOoMiw=,KlWG3y3xD7e2fR1qPmwnxnowWS8=
-385,132,I0ulA7bP7exLag14yAFnlsOoMiw=,KlWG3y3xD7e2fR1qPmwnxnowWS8=
-398,134,I0ulA7bP7exLag14yAFnlsOoMiw=,KlWG3y3xD7e2fR1qPmwnxnowWS8=
-400,133,I0ulA7bP7exLag14yAFnlsOoMiw=,KlWG3y3xD7e2fR1qPmwnxnowWS8=
-395,134,I0ulA7bP7exLag14yAFnlsOoMiw=,KlWG3y3xD7e2fR1qPmwnxnowWS8=
-397,129,I0ulA7bP7exLag14yAFnlsOoMiw=,KlWG3y3xD7e2fR1qPmwnxnowWS8=
-399,134,I0ulA7bP7exLag14yAFnlsOoMiw=,KlWG3y3xD7e2fR1qPmwnxnowWS8=
-399,133,I0ulA7bP7exLag14yAFnlsOoMiw=,KlWG3y3xD7e2fR1qPmwnxnowWS8=
-400,134,I0ulA7bP7exLag14yAFnlsOoMiw=,KlWG3y3xD7e2fR1qPmwnxnowWS8=
-395,129,I0ulA7bP7exLag14yAFnlsOoMiw=,KlWG3y3xD7e2fR1qPmwnxnowWS8=
-385,133,I0ulA7bP7exLag14yAFnlsOoMiw=,KlWG3y3xD7e2fR1qPmwnxnowWS8=
-398,133,I0ulA7bP7exLag14yAFnlsOoMiw=,KlWG3y3xD7e2fR1qPmwnxnowWS8=
-386,133,I0ulA7bP7exLag14yAFnlsOoMiw=,KlWG3y3xD7e2fR1qPmwnxnowWS8=
-387,133,I0ulA7bP7exLag14yAFnlsOoMiw=,KlWG3y3xD7e2fR1qPmwnxnowWS8=
-397,133,I0ulA7bP7exLag14yAFnlsOoMiw=,KlWG3y3xD7e2fR1qPmwnxnowWS8=
-388,133,I0ulA7bP7exLag14yAFnlsOoMiw=,KlWG3y3xD7e2fR1qPmwnxnowWS8=
-396,133,I0ulA7bP7exLag14yAFnlsOoMiw=,KlWG3y3xD7e2fR1qPmwnxnowWS8=
-389,133,I0ulA7bP7exLag14yAFnlsOoMiw=,KlWG3y3xD7e2fR1qPmwnxnowWS8=
-393,128,I0ulA7bP7exLag14yAFnlsOoMiw=,KlWG3y3xD7e2fR1qPmwnxnowWS8=
-395,133,I0ulA7bP7exLag14yAFnlsOoMiw=,KlWG3y3xD7e2fR1qPmwnxnowWS8=
-396,129,I0ulA7bP7exLag14yAFnlsOoMiw=,KlWG3y3xD7e2fR1qPmwnxnowWS8=
-400,131,I0ulA7bP7exLag14yAFnlsOoMiw=,KlWG3y3xD7e2fR1qPmwnxnowWS8=
-394,133,I0ulA7bP7exLag14yAFnlsOoMiw=,KlWG3y3xD7e2fR1qPmwnxnowWS8=
-390,133,I0ulA7bP7exLag14yAFnlsOoMiw=,KlWG3y3xD7e2fR1qPmwnxnowWS8=
-393,133,I0ulA7bP7exLag14yAFnlsOoMiw=,KlWG3y3xD7e2fR1qPmwnxnowWS8=
-391,133,I0ulA7bP7exLag14yAFnlsOoMiw=,KlWG3y3xD7e2fR1qPmwnxnowWS8=
-392,133,I0ulA7bP7exLag14yAFnlsOoMiw=,KlWG3y3xD7e2fR1qPmwnxnowWS8=
-392,128,I0ulA7bP7exLag14yAFnlsOoMiw=,KlWG3y3xD7e2fR1qPmwnxnowWS8=
-391,134,I0ulA7bP7exLag14yAFnlsOoMiw=,KlWG3y3xD7e2fR1qPmwnxnowWS8=
