-161,-463,OV0CfVLCboFrBhmV4MpPUsUlN54=,pLqBavWcUe9FtaFcZt0w7UDrbQI=
-161,-449,OV0CfVLCboFrBhmV4MpPUsUlN54=,pLqBavWcUe9FtaFcZt0w7UDrbQI=
-173,-464,OV0CfVLCboFrBhmV4MpPUsUlN54=,pLqBavWcUe9FtaFcZt0w7UDrbQI=
-163,-462,OV0CfVLCboFrBhmV4MpPUsUlN54=,pLqBavWcUe9FtaFcZt0w7UDrbQI=
-164,-462,OV0CfVLCboFrBhmV4MpPUsUlN54=,pLqBavWcUe9FtaFcZt0w7UDrbQI=
-166,-462,OV0CfVLCboFrBhmV4MpPUsUlN54=,pLqBavWcUe9FtaFcZt0w7UDrbQI=
-165,-462,OV0CfVLCboFrBhmV4MpPUsUlN54=,pLqBavWcUe9FtaFcZt0w7UDrbQI=
-167,-462,OV0CfVLCboFrBhmV4MpPUsUlN54=,pLqBavWcUe9FtaFcZt0w7UDrbQI=
-168,-462,OV0CfVLCboFrBhmV4MpPUsUlN54=,pLqBavWcUe9FtaFcZt0w7UDrbQI=
-169,-462,OV0CfVLCboFrBhmV4MpPUsUlN54=,pLqBavWcUe9FtaFcZt0w7UDrbQI=
-170,-462,OV0CfVLCboFrBhmV4MpPUsUlN54=,pLqBavWcUe9FtaFcZt0w7UDrbQI=
-171,-462,OV0CfVLCboFrBhmV4MpPUsUlN54=,pLqBavWcUe9FtaFcZt0w7UDrbQI=
-172,-462,OV0CfVLCboFrBhmV4MpPUsUlN54=,pLqBavWcUe9FtaFcZt0w7UDrbQI=
-173,-462,OV0CfVLCboFrBhmV4MpPUsUlN54=,pLqBavWcUe9FtaFcZt0w7UDrbQI=
-174,-462,OV0CfVLCboFrBhmV4MpPUsUlN54=,pLqBavWcUe9FtaFcZt0w7UDrbQI=
-175,-462,OV0CfVLCboFrBhmV4MpPUsUlN54=,pLqBavWcUe9FtaFcZt0w7UDrbQI=
-165,-461,OV0CfVLCboFrBhmV4MpPUsUlN54=,pLqBavWcUe9FtaFcZt0w7UDrbQI=
-164,-461,OV0CfVLCboFrBhmV4MpPUsUlN54=,pLqBavWcUe9FtaFcZt0w7UDrbQI=
-176,-462,OV0CfVLCboFrBhmV4MpPUsUlN54=,pLqBavWcUe9FtaFcZt0w7UDrbQI=
-162,-449,OV0CfVLCboFrBhmV4MpPUsUlN54=,pLqBavWcUe9FtaFcZt0w7UDrbQI=
-163,-449,OV0CfVLCboFrBhmV4MpPUsUlN54=,pLqBavWcUe9FtaFcZt0w7UDrbQI=
-162,-462,OV0CfVLCboFrBhmV4MpPUsUlN54=,pLqBavWcUe9FtaFcZt0w7UDrbQI=
-164,-449,OV0CfVLCboFrBhmV4MpPUsUlN54=,pLqBavWcUe9FtaFcZt0w7UDrbQI=
-172,-464,OV0CfVLCboFrBhmV4MpPUsUlN54=,pLqBavWcUe9FtaFcZt0w7UDrbQI=
-165,-449,OV0CfVLCboFrBhmV4MpPUsUlN54=,pLqBavWcUe9FtaFcZt0w7UDrbQI=
-166,-449,OV0CfVLCboFrBhmV4MpPUsUlN54=,pLqBavWcUe9FtaFcZt0w7UDrbQI=
-163,-461,OV0CfVLCboFrBhmV4MpPUsUlN54=,pLqBavWcUe9FtaFcZt0w7UDrbQI=
-162,-461,OV0CfVLCboFrBhmV4MpPUsUlN54=,pLqBavWcUe9FtaFcZt0w7UDrbQI=
-167,-449,OV0CfVLCboFrBhmV4MpPUsUlN54=,pLqBavWcUe9FtaFcZt0w7UDrbQI=
-171,-464,OV0CfVLCboFrBhmV4MpPUsUlN54=,pLqBavWcUe9FtaFcZt0w7UDrbQI=
-168,-449,OV0CfVLCboFrBhmV4MpPUsUlN54=,pLqBavWcUe9FtaFcZt0w7UDrbQI=
-174,-463,OV0CfVLCboFrBhmV4MpPUsUlN54=,pLqBavWcUe9FtaFcZt0w7UDrbQI=
-170,-449,OV0CfVLCboFrBhmV4MpPUsUlN54=,pLqBavWcUe9FtaFcZt0w7UDrbQI=
-161,-461,OV0CfVLCboFrBhmV4MpPUsUlN54=,pLqBavWcUe9FtaFcZt0w7UDrbQI=
-171,-449,OV0CfVLCboFrBhmV4MpPUsUlN54=,pLqBavWcUe9FtaFcZt0w7UDrbQI=
-172,-449,OV0CfVLCboFrBhmV4MpPUsUlN54=,pLqBavWcUe9FtaFcZt0w7UDrbQI=
-176,-460,OV0CfVLCboFrBhmV4MpPUsUlN54=,pLqBavWcUe9FtaFcZt0w7UDrbQI=
-174,-449,OV0CfVLCboFrBhmV4MpPUsUlN54=,pLqBavWcUe9FtaFcZt0w7UDrbQI=
-173,-449,OV0CfVLCboFrBhmV4MpPUsUlN54=,pLqBavWcUe9FtaFcZt0w7UDrbQI=
-175,-460,OV0CfVLCboFrBhmV4MpPUsUlN54=,pLqBavWcUe9FtaFcZt0w7UDrbQI=
-174,-464,OV0CfVLCboFrBhmV4MpPUsUlN54=,pLqBavWcUe9FtaFcZt0w7UDrbQI=
-174,-460,OV0CfVLCboFrBhmV4MpPUsUlN54=,pLqBavWcUe9FtaFcZt0w7UDrbQI=
-175,-449,OV0CfVLCboFrBhmV4MpPUsUlN54=,pLqBavWcUe9FtaFcZt0w7UDrbQI=
-173,-460,OV0CfVLCboFrBhmV4MpPUsUlN54=,pLqBavWcUe9FtaFcZt0w7UDrbQI=
-166,-461,OV0CfVLCboFrBhmV4MpPUsUlN54=,pLqBavWcUe9FtaFcZt0w7UDrbQI=
-169,-449,OV0CfVLCboFrBhmV4MpPUsUlN54=,pLqBavWcUe9FtaFcZt0w7UDrbQI=
-162,-463,OV0CfVLCboFrBhmV4MpPUsUlN54=,pLqBavWcUe9FtaFcZt0w7UDrbQI=
-172,-460,OV0CfVLCboFrBhmV4MpPUsUlN54=,pLqBavWcUe9FtaFcZt0w7UDrbQI=
-176,-449,OV0CfVLCboFrBhmV4MpPUsUlN54=,pLqBavWcUe9FtaFcZt0w7UDrbQI=
-161,-450,OV0CfVLCboFrBhmV4MpPUsUlN54=,pLqBavWcUe9FtaFcZt0w7UDrbQI=
-171,-460,OV0CfVLCboFrBhmV4MpPUsUlN54=,pLqBavWcUe9FtaFcZt0w7UDrbQI=
-163,-450,OV0CfVLCboFrBhmV4MpPUsUlN54=,pLqBavWcUe9FtaFcZt0w7UDrbQI=
-170,-460,OV0CfVLCboFrBhmV4MpPUsUlN54=,pLqBavWcUe9FtaFcZt0w7UDrbQI=
-162,-450,OV0CfVLCboFrBhmV4MpPUsUlN54=,pLqBavWcUe9FtaFcZt0w7UDrbQI=
-164,-450,OV0CfVLCboFrBhmV4MpPUsUlN54=,pLqBavWcUe9FtaFcZt0w7UDrbQI=
-169,-460,OV0CfVLCboFrBhmV4MpPUsUlN54=,pLqBavWcUe9FtaFcZt0w7UDrbQI=
-165,-450,OV0CfVLCboFrBhmV4MpPUsUlN54=,pLqBavWcUe9FtaFcZt0w7UDrbQI=
-166,-450,OV0CfVLCboFrBhmV4MpPUsUlN54=,pLqBavWcUe9FtaFcZt0w7UDrbQI=
-168,-460,OV0CfVLCboFrBhmV4MpPUsUlN54=,pLqBavWcUe9FtaFcZt0w7UDrbQI=
-168,-450,OV0CfVLCboFrBhmV4MpPUsUlN54=,pLqBavWcUe9FtaFcZt0w7UDrbQI=
-167,-460,OV0CfVLCboFrBhmV4MpPUsUlN54=,pLqBavWcUe9FtaFcZt0w7UDrbQI=
-169,-450,OV0CfVLCboFrBhmV4MpPUsUlN54=,pLqBavWcUe9FtaFcZt0w7UDrbQI=
-166,-460,OV0CfVLCboFrBhmV4MpPUsUlN54=,pLqBavWcUe9FtaFcZt0w7UDrbQI=
-170,-450,OV0CfVLCboFrBhmV4MpPUsUlN54=,pLqBavWcUe9FtaFcZt0w7UDrbQI=
-171,-450,OV0CfVLCboFrBhmV4MpPUsUlN54=,pLqBavWcUe9FtaFcZt0w7UDrbQI=
-165,-460,OV0CfVLCboFrBhmV4MpPUsUlN54=,pLqBavWcUe9FtaFcZt0w7UDrbQI=
-173,-450,OV0CfVLCboFrBhmV4MpPUsUlN54=,pLqBavWcUe9FtaFcZt0w7UDrbQI=
-172,-450,OV0CfVLCboFrBhmV4MpPUsUlN54=,pLqBavWcUe9FtaFcZt0w7UDrbQI=
-167,-450,OV0CfVLCboFrBhmV4MpPUsUlN54=,pLqBavWcUe9FtaFcZt0w7UDrbQI=
-161,-462,OV0CfVLCboFrBhmV4MpPUsUlN54=,pLqBavWcUe9FtaFcZt0w7UDrbQI=
-174,-450,OV0CfVLCboFrBhmV4MpPUsUlN54=,pLqBavWcUe9FtaFcZt0w7UDrbQI=
-175,-463,OV0CfVLCboFrBhmV4MpPUsUlN54=,pLqBavWcUe9FtaFcZt0w7UDrbQI=
-170,-464,OV0CfVLCboFrBhmV4MpPUsUlN54=,pLqBavWcUe9FtaFcZt0w7UDrbQI=
-167,-461,OV0CfVLCboFrBhmV4MpPUsUlN54=,pLqBavWcUe9FtaFcZt0w7UDrbQI=
-176,-463,OV0CfVLCboFrBhmV4MpPUsUlN54=,pLqBavWcUe9FtaFcZt0w7UDrbQI=
-164,-460,OV0CfVLCboFrBhmV4MpPUsUlN54=,pLqBavWcUe9FtaFcZt0w7UDrbQI=
-175,-450,OV0CfVLCboFrBhmV4MpPUsUlN54=,pLqBavWcUe9FtaFcZt0w7UDrbQI=
-163,-460,OV0CfVLCboFrBhmV4MpPUsUlN54=,pLqBavWcUe9FtaFcZt0w7UDrbQI=
-175,-464,OV0CfVLCboFrBhmV4MpPUsUlN54=,pLqBavWcUe9FtaFcZt0w7UDrbQI=
-176,-450,OV0CfVLCboFrBhmV4MpPUsUlN54=,pLqBavWcUe9FtaFcZt0w7UDrbQI=
-162,-460,OV0CfVLCboFrBhmV4MpPUsUlN54=,pLqBavWcUe9FtaFcZt0w7UDrbQI=
-161,-451,OV0CfVLCboFrBhmV4MpPUsUlN54=,pLqBavWcUe9FtaFcZt0w7UDrbQI=
-162,-451,OV0CfVLCboFrBhmV4MpPUsUlN54=,pLqBavWcUe9FtaFcZt0w7UDrbQI=
-161,-460,OV0CfVLCboFrBhmV4MpPUsUlN54=,pLqBavWcUe9FtaFcZt0w7UDrbQI=
-164,-451,OV0CfVLCboFrBhmV4MpPUsUlN54=,pLqBavWcUe9FtaFcZt0w7UDrbQI=
-163,-451,OV0CfVLCboFrBhmV4MpPUsUlN54=,pLqBavWcUe9FtaFcZt0w7UDrbQI=
-173,-463,OV0CfVLCboFrBhmV4MpPUsUlN54=,pLqBavWcUe9FtaFcZt0w7UDrbQI=
-165,-451,OV0CfVLCboFrBhmV4MpPUsUlN54=,pLqBavWcUe9FtaFcZt0w7UDrbQI=
-166,-451,OV0CfVLCboFrBhmV4MpPUsUlN54=,pLqBavWcUe9FtaFcZt0w7UDrbQI=
-176,-459,OV0CfVLCboFrBhmV4MpPUsUlN54=,pLqBavWcUe9FtaFcZt0w7UDrbQI=
-167,-451,OV0CfVLCboFrBhmV4MpPUsUlN54=,pLqBavWcUe9FtaFcZt0w7UDrbQI=
-168,-451,OV0CfVLCboFrBhmV4MpPUsUlN54=,pLqBavWcUe9FtaFcZt0w7UDrbQI=
-175,-459,OV0CfVLCboFrBhmV4MpPUsUlN54=,pLqBavWcUe9FtaFcZt0w7UDrbQI=
-169,-451,OV0CfVLCboFrBhmV4MpPUsUlN54=,pLqBavWcUe9FtaFcZt0w7UDrbQI=
-170,-451,OV0CfVLCboFrBhmV4MpPUsUlN54=,pLqBavWcUe9FtaFcZt0w7UDrbQI=
-174,-459,OV0CfVLCboFrBhmV4MpPUsUlN54=,pLqBavWcUe9FtaFcZt0w7UDrbQI=
-171,-451,OV0CfVLCboFrBhmV4MpPUsUlN54=,pLqBavWcUe9FtaFcZt0w7UDrbQI=
-172,-451,OV0CfVLCboFrBhmV4MpPUsUlN54=,pLqBavWcUe9FtaFcZt0w7UDrbQI=
-173,-459,OV0CfVLCboFrBhmV4MpPUsUlN54=,pLqBavWcUe9FtaFcZt0w7UDrbQI=
-173,-451,OV0CfVLCboFrBhmV4MpPUsUlN54=,pLqBavWcUe9FtaFcZt0w7UDrbQI=
-161,-464,OV0CfVLCboFrBhmV4MpPUsUlN54=,pLqBavWcUe9FtaFcZt0w7UDrbQI=
-172,-459,OV0CfVLCboFrBhmV4MpPUsUlN54=,pLqBavWcUe9FtaFcZt0w7UDrbQI=
-163,-463,OV0CfVLCboFrBhmV4MpPUsUlN54=,pLqBavWcUe9FtaFcZt0w7UDrbQI=
-176,-464,OV0CfVLCboFrBhmV4MpPUsUlN54=,pLqBavWcUe9FtaFcZt0w7UDrbQI=
-168,-461,OV0CfVLCboFrBhmV4MpPUsUlN54=,pLqBavWcUe9FtaFcZt0w7UDrbQI=
-171,-459,OV0CfVLCboFrBhmV4MpPUsUlN54=,pLqBavWcUe9FtaFcZt0w7UDrbQI=
-170,-459,OV0CfVLCboFrBhmV4MpPUsUlN54=,pLqBavWcUe9FtaFcZt0w7UDrbQI=
-174,-451,OV0CfVLCboFrBhmV4MpPUsUlN54=,pLqBavWcUe9FtaFcZt0w7UDrbQI=
-169,-459,OV0CfVLCboFrBhmV4MpPUsUlN54=,pLqBavWcUe9FtaFcZt0w7UDrbQI=
-175,-451,OV0CfVLCboFrBhmV4MpPUsUlN54=,pLqBavWcUe9FtaFcZt0w7UDrbQI=
-176,-451,OV0CfVLCboFrBhmV4MpPUsUlN54=,pLqBavWcUe9FtaFcZt0w7UDrbQI=
-164,-463,OV0CfVLCboFrBhmV4MpPUsUlN54=,pLqBavWcUe9FtaFcZt0w7UDrbQI=
-161,-452,OV0CfVLCboFrBhmV4MpPUsUlN54=,pLqBavWcUe9FtaFcZt0w7UDrbQI=
-168,-459,OV0CfVLCboFrBhmV4MpPUsUlN54=,pLqBavWcUe9FtaFcZt0w7UDrbQI=
-162,-452,OV0CfVLCboFrBhmV4MpPUsUlN54=,pLqBavWcUe9FtaFcZt0w7UDrbQI=
-167,-459,OV0CfVLCboFrBhmV4MpPUsUlN54=,pLqBavWcUe9FtaFcZt0w7UDrbQI=
-163,-452,OV0CfVLCboFrBhmV4MpPUsUlN54=,pLqBavWcUe9FtaFcZt0w7UDrbQI=
-166,-459,OV0CfVLCboFrBhmV4MpPUsUlN54=,pLqBavWcUe9FtaFcZt0w7UDrbQI=
-164,-452,OV0CfVLCboFrBhmV4MpPUsUlN54=,pLqBavWcUe9FtaFcZt0w7UDrbQI=
-165,-452,OV0CfVLCboFrBhmV4MpPUsUlN54=,pLqBavWcUe9FtaFcZt0w7UDrbQI=
-176,-461,OV0CfVLCboFrBhmV4MpPUsUlN54=,pLqBavWcUe9FtaFcZt0w7UDrbQI=
-166,-452,OV0CfVLCboFrBhmV4MpPUsUlN54=,pLqBavWcUe9FtaFcZt0w7UDrbQI=
-167,-452,OV0CfVLCboFrBhmV4MpPUsUlN54=,pLqBavWcUe9FtaFcZt0w7UDrbQI=
-168,-452,OV0CfVLCboFrBhmV4MpPUsUlN54=,pLqBavWcUe9FtaFcZt0w7UDrbQI=
-172,-463,OV0CfVLCboFrBhmV4MpPUsUlN54=,pLqBavWcUe9FtaFcZt0w7UDrbQI=
-169,-452,OV0CfVLCboFrBhmV4MpPUsUlN54=,pLqBavWcUe9FtaFcZt0w7UDrbQI=
-169,-464,OV0CfVLCboFrBhmV4MpPUsUlN54=,pLqBavWcUe9FtaFcZt0w7UDrbQI=
-170,-452,OV0CfVLCboFrBhmV4MpPUsUlN54=,pLqBavWcUe9FtaFcZt0w7UDrbQI=
-171,-452,OV0CfVLCboFrBhmV4MpPUsUlN54=,pLqBavWcUe9FtaFcZt0w7UDrbQI=
-165,-459,OV0CfVLCboFrBhmV4MpPUsUlN54=,pLqBavWcUe9FtaFcZt0w7UDrbQI=
-172,-452,OV0CfVLCboFrBhmV4MpPUsUlN54=,pLqBavWcUe9FtaFcZt0w7UDrbQI=
-162,-464,OV0CfVLCboFrBhmV4MpPUsUlN54=,pLqBavWcUe9FtaFcZt0w7UDrbQI=
-169,-461,OV0CfVLCboFrBhmV4MpPUsUlN54=,pLqBavWcUe9FtaFcZt0w7UDrbQI=
-164,-459,OV0CfVLCboFrBhmV4MpPUsUlN54=,pLqBavWcUe9FtaFcZt0w7UDrbQI=
-173,-452,OV0CfVLCboFrBhmV4MpPUsUlN54=,pLqBavWcUe9FtaFcZt0w7UDrbQI=
-174,-452,OV0CfVLCboFrBhmV4MpPUsUlN54=,pLqBavWcUe9FtaFcZt0w7UDrbQI=
-163,-459,OV0CfVLCboFrBhmV4MpPUsUlN54=,pLqBavWcUe9FtaFcZt0w7UDrbQI=
-175,-452,OV0CfVLCboFrBhmV4MpPUsUlN54=,pLqBavWcUe9FtaFcZt0w7UDrbQI=
-162,-459,OV0CfVLCboFrBhmV4MpPUsUlN54=,pLqBavWcUe9FtaFcZt0w7UDrbQI=
-176,-452,OV0CfVLCboFrBhmV4MpPUsUlN54=,pLqBavWcUe9FtaFcZt0w7UDrbQI=
-165,-463,OV0CfVLCboFrBhmV4MpPUsUlN54=,pLqBavWcUe9FtaFcZt0w7UDrbQI=
-161,-459,OV0CfVLCboFrBhmV4MpPUsUlN54=,pLqBavWcUe9FtaFcZt0w7UDrbQI=
-162,-453,OV0CfVLCboFrBhmV4MpPUsUlN54=,pLqBavWcUe9FtaFcZt0w7UDrbQI=
-161,-453,OV0CfVLCboFrBhmV4MpPUsUlN54=,pLqBavWcUe9FtaFcZt0w7UDrbQI=
-171,-463,OV0CfVLCboFrBhmV4MpPUsUlN54=,pLqBavWcUe9FtaFcZt0w7UDrbQI=
-164,-453,OV0CfVLCboFrBhmV4MpPUsUlN54=,pLqBavWcUe9FtaFcZt0w7UDrbQI=
-163,-453,OV0CfVLCboFrBhmV4MpPUsUlN54=,pLqBavWcUe9FtaFcZt0w7UDrbQI=
-176,-458,OV0CfVLCboFrBhmV4MpPUsUlN54=,pLqBavWcUe9FtaFcZt0w7UDrbQI=
-165,-453,OV0CfVLCboFrBhmV4MpPUsUlN54=,pLqBavWcUe9FtaFcZt0w7UDrbQI=
-175,-458,OV0CfVLCboFrBhmV4MpPUsUlN54=,pLqBavWcUe9FtaFcZt0w7UDrbQI=
-166,-453,OV0CfVLCboFrBhmV4MpPUsUlN54=,pLqBavWcUe9FtaFcZt0w7UDrbQI=
-167,-453,OV0CfVLCboFrBhmV4MpPUsUlN54=,pLqBavWcUe9FtaFcZt0w7UDrbQI=
-168,-453,OV0CfVLCboFrBhmV4MpPUsUlN54=,pLqBavWcUe9FtaFcZt0w7UDrbQI=
-174,-458,OV0CfVLCboFrBhmV4MpPUsUlN54=,pLqBavWcUe9FtaFcZt0w7UDrbQI=
-169,-453,OV0CfVLCboFrBhmV4MpPUsUlN54=,pLqBavWcUe9FtaFcZt0w7UDrbQI=
-170,-453,OV0CfVLCboFrBhmV4MpPUsUlN54=,pLqBavWcUe9FtaFcZt0w7UDrbQI=
-173,-458,OV0CfVLCboFrBhmV4MpPUsUlN54=,pLqBavWcUe9FtaFcZt0w7UDrbQI=
-171,-453,OV0CfVLCboFrBhmV4MpPUsUlN54=,pLqBavWcUe9FtaFcZt0w7UDrbQI=
-163,-464,OV0CfVLCboFrBhmV4MpPUsUlN54=,pLqBavWcUe9FtaFcZt0w7UDrbQI=
-172,-458,OV0CfVLCboFrBhmV4MpPUsUlN54=,pLqBavWcUe9FtaFcZt0w7UDrbQI=
-172,-453,OV0CfVLCboFrBhmV4MpPUsUlN54=,pLqBavWcUe9FtaFcZt0w7UDrbQI=
-170,-461,OV0CfVLCboFrBhmV4MpPUsUlN54=,pLqBavWcUe9FtaFcZt0w7UDrbQI=
-173,-453,OV0CfVLCboFrBhmV4MpPUsUlN54=,pLqBavWcUe9FtaFcZt0w7UDrbQI=
-171,-458,OV0CfVLCboFrBhmV4MpPUsUlN54=,pLqBavWcUe9FtaFcZt0w7UDrbQI=
-174,-453,OV0CfVLCboFrBhmV4MpPUsUlN54=,pLqBavWcUe9FtaFcZt0w7UDrbQI=
-175,-453,OV0CfVLCboFrBhmV4MpPUsUlN54=,pLqBavWcUe9FtaFcZt0w7UDrbQI=
-170,-458,OV0CfVLCboFrBhmV4MpPUsUlN54=,pLqBavWcUe9FtaFcZt0w7UDrbQI=
-169,-458,OV0CfVLCboFrBhmV4MpPUsUlN54=,pLqBavWcUe9FtaFcZt0w7UDrbQI=
-176,-453,OV0CfVLCboFrBhmV4MpPUsUlN54=,pLqBavWcUe9FtaFcZt0w7UDrbQI=
-166,-463,OV0CfVLCboFrBhmV4MpPUsUlN54=,pLqBavWcUe9FtaFcZt0w7UDrbQI=
-168,-458,OV0CfVLCboFrBhmV4MpPUsUlN54=,pLqBavWcUe9FtaFcZt0w7UDrbQI=
-162,-454,OV0CfVLCboFrBhmV4MpPUsUlN54=,pLqBavWcUe9FtaFcZt0w7UDrbQI=
-167,-458,OV0CfVLCboFrBhmV4MpPUsUlN54=,pLqBavWcUe9FtaFcZt0w7UDrbQI=
-161,-454,OV0CfVLCboFrBhmV4MpPUsUlN54=,pLqBavWcUe9FtaFcZt0w7UDrbQI=
-163,-454,OV0CfVLCboFrBhmV4MpPUsUlN54=,pLqBavWcUe9FtaFcZt0w7UDrbQI=
-164,-454,OV0CfVLCboFrBhmV4MpPUsUlN54=,pLqBavWcUe9FtaFcZt0w7UDrbQI=
-175,-461,OV0CfVLCboFrBhmV4MpPUsUlN54=,pLqBavWcUe9FtaFcZt0w7UDrbQI=
-165,-454,OV0CfVLCboFrBhmV4MpPUsUlN54=,pLqBavWcUe9FtaFcZt0w7UDrbQI=
-168,-464,OV0CfVLCboFrBhmV4MpPUsUlN54=,pLqBavWcUe9FtaFcZt0w7UDrbQI=
-166,-454,OV0CfVLCboFrBhmV4MpPUsUlN54=,pLqBavWcUe9FtaFcZt0w7UDrbQI=
-167,-454,OV0CfVLCboFrBhmV4MpPUsUlN54=,pLqBavWcUe9FtaFcZt0w7UDrbQI=
-166,-458,OV0CfVLCboFrBhmV4MpPUsUlN54=,pLqBavWcUe9FtaFcZt0w7UDrbQI=
-168,-454,OV0CfVLCboFrBhmV4MpPUsUlN54=,pLqBavWcUe9FtaFcZt0w7UDrbQI=
-169,-454,OV0CfVLCboFrBhmV4MpPUsUlN54=,pLqBavWcUe9FtaFcZt0w7UDrbQI=
-165,-458,OV0CfVLCboFrBhmV4MpPUsUlN54=,pLqBavWcUe9FtaFcZt0w7UDrbQI=
-170,-454,OV0CfVLCboFrBhmV4MpPUsUlN54=,pLqBavWcUe9FtaFcZt0w7UDrbQI=
-164,-458,OV0CfVLCboFrBhmV4MpPUsUlN54=,pLqBavWcUe9FtaFcZt0w7UDrbQI=
-164,-464,OV0CfVLCboFrBhmV4MpPUsUlN54=,pLqBavWcUe9FtaFcZt0w7UDrbQI=
-171,-461,OV0CfVLCboFrBhmV4MpPUsUlN54=,pLqBavWcUe9FtaFcZt0w7UDrbQI=
-163,-458,OV0CfVLCboFrBhmV4MpPUsUlN54=,pLqBavWcUe9FtaFcZt0w7UDrbQI=
-171,-454,OV0CfVLCboFrBhmV4MpPUsUlN54=,pLqBavWcUe9FtaFcZt0w7UDrbQI=
-162,-458,OV0CfVLCboFrBhmV4MpPUsUlN54=,pLqBavWcUe9FtaFcZt0w7UDrbQI=
-172,-454,OV0CfVLCboFrBhmV4MpPUsUlN54=,pLqBavWcUe9FtaFcZt0w7UDrbQI=
-173,-454,OV0CfVLCboFrBhmV4MpPUsUlN54=,pLqBavWcUe9FtaFcZt0w7UDrbQI=
-161,-458,OV0CfVLCboFrBhmV4MpPUsUlN54=,pLqBavWcUe9FtaFcZt0w7UDrbQI=
-174,-454,OV0CfVLCboFrBhmV4MpPUsUlN54=,pLqBavWcUe9FtaFcZt0w7UDrbQI=
-170,-463,OV0CfVLCboFrBhmV4MpPUsUlN54=,pLqBavWcUe9FtaFcZt0w7UDrbQI=
-175,-454,OV0CfVLCboFrBhmV4MpPUsUlN54=,pLqBavWcUe9FtaFcZt0w7UDrbQI=
-176,-454,OV0CfVLCboFrBhmV4MpPUsUlN54=,pLqBavWcUe9FtaFcZt0w7UDrbQI=
-176,-457,OV0CfVLCboFrBhmV4MpPUsUlN54=,pLqBavWcUe9FtaFcZt0w7UDrbQI=
-161,-455,OV0CfVLCboFrBhmV4MpPUsUlN54=,pLqBavWcUe9FtaFcZt0w7UDrbQI=
-167,-463,OV0CfVLCboFrBhmV4MpPUsUlN54=,pLqBavWcUe9FtaFcZt0w7UDrbQI=
-175,-457,OV0CfVLCboFrBhmV4MpPUsUlN54=,pLqBavWcUe9FtaFcZt0w7UDrbQI=
-162,-455,OV0CfVLCboFrBhmV4MpPUsUlN54=,pLqBavWcUe9FtaFcZt0w7UDrbQI=
-163,-455,OV0CfVLCboFrBhmV4MpPUsUlN54=,pLqBavWcUe9FtaFcZt0w7UDrbQI=
-174,-457,OV0CfVLCboFrBhmV4MpPUsUlN54=,pLqBavWcUe9FtaFcZt0w7UDrbQI=
-164,-455,OV0CfVLCboFrBhmV4MpPUsUlN54=,pLqBavWcUe9FtaFcZt0w7UDrbQI=
-165,-455,OV0CfVLCboFrBhmV4MpPUsUlN54=,pLqBavWcUe9FtaFcZt0w7UDrbQI=
-173,-457,OV0CfVLCboFrBhmV4MpPUsUlN54=,pLqBavWcUe9FtaFcZt0w7UDrbQI=
-166,-455,OV0CfVLCboFrBhmV4MpPUsUlN54=,pLqBavWcUe9FtaFcZt0w7UDrbQI=
-167,-455,OV0CfVLCboFrBhmV4MpPUsUlN54=,pLqBavWcUe9FtaFcZt0w7UDrbQI=
-172,-457,OV0CfVLCboFrBhmV4MpPUsUlN54=,pLqBavWcUe9FtaFcZt0w7UDrbQI=
-168,-455,OV0CfVLCboFrBhmV4MpPUsUlN54=,pLqBavWcUe9FtaFcZt0w7UDrbQI=
-169,-455,OV0CfVLCboFrBhmV4MpPUsUlN54=,pLqBavWcUe9FtaFcZt0w7UDrbQI=
-171,-457,OV0CfVLCboFrBhmV4MpPUsUlN54=,pLqBavWcUe9FtaFcZt0w7UDrbQI=
-165,-464,OV0CfVLCboFrBhmV4MpPUsUlN54=,pLqBavWcUe9FtaFcZt0w7UDrbQI=
-172,-461,OV0CfVLCboFrBhmV4MpPUsUlN54=,pLqBavWcUe9FtaFcZt0w7UDrbQI=
-170,-455,OV0CfVLCboFrBhmV4MpPUsUlN54=,pLqBavWcUe9FtaFcZt0w7UDrbQI=
-170,-457,OV0CfVLCboFrBhmV4MpPUsUlN54=,pLqBavWcUe9FtaFcZt0w7UDrbQI=
-171,-455,OV0CfVLCboFrBhmV4MpPUsUlN54=,pLqBavWcUe9FtaFcZt0w7UDrbQI=
-172,-455,OV0CfVLCboFrBhmV4MpPUsUlN54=,pLqBavWcUe9FtaFcZt0w7UDrbQI=
-173,-455,OV0CfVLCboFrBhmV4MpPUsUlN54=,pLqBavWcUe9FtaFcZt0w7UDrbQI=
-169,-457,OV0CfVLCboFrBhmV4MpPUsUlN54=,pLqBavWcUe9FtaFcZt0w7UDrbQI=
-174,-455,OV0CfVLCboFrBhmV4MpPUsUlN54=,pLqBavWcUe9FtaFcZt0w7UDrbQI=
-168,-457,OV0CfVLCboFrBhmV4MpPUsUlN54=,pLqBavWcUe9FtaFcZt0w7UDrbQI=
-175,-455,OV0CfVLCboFrBhmV4MpPUsUlN54=,pLqBavWcUe9FtaFcZt0w7UDrbQI=
-174,-461,OV0CfVLCboFrBhmV4MpPUsUlN54=,pLqBavWcUe9FtaFcZt0w7UDrbQI=
-168,-463,OV0CfVLCboFrBhmV4MpPUsUlN54=,pLqBavWcUe9FtaFcZt0w7UDrbQI=
-176,-455,OV0CfVLCboFrBhmV4MpPUsUlN54=,pLqBavWcUe9FtaFcZt0w7UDrbQI=
-167,-464,OV0CfVLCboFrBhmV4MpPUsUlN54=,pLqBavWcUe9FtaFcZt0w7UDrbQI=
-162,-456,OV0CfVLCboFrBhmV4MpPUsUlN54=,pLqBavWcUe9FtaFcZt0w7UDrbQI=
-161,-456,OV0CfVLCboFrBhmV4MpPUsUlN54=,pLqBavWcUe9FtaFcZt0w7UDrbQI=
-167,-457,OV0CfVLCboFrBhmV4MpPUsUlN54=,pLqBavWcUe9FtaFcZt0w7UDrbQI=
-163,-456,OV0CfVLCboFrBhmV4MpPUsUlN54=,pLqBavWcUe9FtaFcZt0w7UDrbQI=
-164,-456,OV0CfVLCboFrBhmV4MpPUsUlN54=,pLqBavWcUe9FtaFcZt0w7UDrbQI=
-166,-457,OV0CfVLCboFrBhmV4MpPUsUlN54=,pLqBavWcUe9FtaFcZt0w7UDrbQI=
-165,-456,OV0CfVLCboFrBhmV4MpPUsUlN54=,pLqBavWcUe9FtaFcZt0w7UDrbQI=
-165,-457,OV0CfVLCboFrBhmV4MpPUsUlN54=,pLqBavWcUe9FtaFcZt0w7UDrbQI=
-167,-456,OV0CfVLCboFrBhmV4MpPUsUlN54=,pLqBavWcUe9FtaFcZt0w7UDrbQI=
-164,-457,OV0CfVLCboFrBhmV4MpPUsUlN54=,pLqBavWcUe9FtaFcZt0w7UDrbQI=
-166,-456,OV0CfVLCboFrBhmV4MpPUsUlN54=,pLqBavWcUe9FtaFcZt0w7UDrbQI=
-163,-457,OV0CfVLCboFrBhmV4MpPUsUlN54=,pLqBavWcUe9FtaFcZt0w7UDrbQI=
-168,-456,OV0CfVLCboFrBhmV4MpPUsUlN54=,pLqBavWcUe9FtaFcZt0w7UDrbQI=
-166,-464,OV0CfVLCboFrBhmV4MpPUsUlN54=,pLqBavWcUe9FtaFcZt0w7UDrbQI=
-173,-461,OV0CfVLCboFrBhmV4MpPUsUlN54=,pLqBavWcUe9FtaFcZt0w7UDrbQI=
-169,-456,OV0CfVLCboFrBhmV4MpPUsUlN54=,pLqBavWcUe9FtaFcZt0w7UDrbQI=
-162,-457,OV0CfVLCboFrBhmV4MpPUsUlN54=,pLqBavWcUe9FtaFcZt0w7UDrbQI=
-170,-456,OV0CfVLCboFrBhmV4MpPUsUlN54=,pLqBavWcUe9FtaFcZt0w7UDrbQI=
-171,-456,OV0CfVLCboFrBhmV4MpPUsUlN54=,pLqBavWcUe9FtaFcZt0w7UDrbQI=
-161,-457,OV0CfVLCboFrBhmV4MpPUsUlN54=,pLqBavWcUe9FtaFcZt0w7UDrbQI=
-172,-456,OV0CfVLCboFrBhmV4MpPUsUlN54=,pLqBavWcUe9FtaFcZt0w7UDrbQI=
-169,-463,OV0CfVLCboFrBhmV4MpPUsUlN54=,pLqBavWcUe9FtaFcZt0w7UDrbQI=
-173,-456,OV0CfVLCboFrBhmV4MpPUsUlN54=,pLqBavWcUe9FtaFcZt0w7UDrbQI=
-174,-456,OV0CfVLCboFrBhmV4MpPUsUlN54=,pLqBavWcUe9FtaFcZt0w7UDrbQI=
-176,-456,OV0CfVLCboFrBhmV4MpPUsUlN54=,pLqBavWcUe9FtaFcZt0w7UDrbQI=
-175,-456,OV0CfVLCboFrBhmV4MpPUsUlN54=,pLqBavWcUe9FtaFcZt0w7UDrbQI=
-178,-449,pg4fN4Mr8yt1AfRlh0nuLV7iOpM=,Kbw85RqxOGMktbEhfStN/5jjqHA=
-179,-462,pg4fN4Mr8yt1AfRlh0nuLV7iOpM=,Kbw85RqxOGMktbEhfStN/5jjqHA=
-177,-449,pg4fN4Mr8yt1AfRlh0nuLV7iOpM=,Kbw85RqxOGMktbEhfStN/5jjqHA=
-181,-449,pg4fN4Mr8yt1AfRlh0nuLV7iOpM=,Kbw85RqxOGMktbEhfStN/5jjqHA=
-179,-449,pg4fN4Mr8yt1AfRlh0nuLV7iOpM=,Kbw85RqxOGMktbEhfStN/5jjqHA=
-180,-449,pg4fN4Mr8yt1AfRlh0nuLV7iOpM=,Kbw85RqxOGMktbEhfStN/5jjqHA=
-182,-449,pg4fN4Mr8yt1AfRlh0nuLV7iOpM=,Kbw85RqxOGMktbEhfStN/5jjqHA=
-183,-449,pg4fN4Mr8yt1AfRlh0nuLV7iOpM=,Kbw85RqxOGMktbEhfStN/5jjqHA=
-184,-449,pg4fN4Mr8yt1AfRlh0nuLV7iOpM=,Kbw85RqxOGMktbEhfStN/5jjqHA=
-185,-449,pg4fN4Mr8yt1AfRlh0nuLV7iOpM=,Kbw85RqxOGMktbEhfStN/5jjqHA=
-186,-449,pg4fN4Mr8yt1AfRlh0nuLV7iOpM=,Kbw85RqxOGMktbEhfStN/5jjqHA=
-187,-449,pg4fN4Mr8yt1AfRlh0nuLV7iOpM=,Kbw85RqxOGMktbEhfStN/5jjqHA=
-188,-449,pg4fN4Mr8yt1AfRlh0nuLV7iOpM=,Kbw85RqxOGMktbEhfStN/5jjqHA=
-189,-449,pg4fN4Mr8yt1AfRlh0nuLV7iOpM=,Kbw85RqxOGMktbEhfStN/5jjqHA=
-190,-449,pg4fN4Mr8yt1AfRlh0nuLV7iOpM=,Kbw85RqxOGMktbEhfStN/5jjqHA=
-189,-464,pg4fN4Mr8yt1AfRlh0nuLV7iOpM=,Kbw85RqxOGMktbEhfStN/5jjqHA=
-191,-463,pg4fN4Mr8yt1AfRlh0nuLV7iOpM=,Kbw85RqxOGMktbEhfStN/5jjqHA=
-177,-463,pg4fN4Mr8yt1AfRlh0nuLV7iOpM=,Kbw85RqxOGMktbEhfStN/5jjqHA=
-191,-449,pg4fN4Mr8yt1AfRlh0nuLV7iOpM=,Kbw85RqxOGMktbEhfStN/5jjqHA=
-177,-450,pg4fN4Mr8yt1AfRlh0nuLV7iOpM=,Kbw85RqxOGMktbEhfStN/5jjqHA=
-192,-449,pg4fN4Mr8yt1AfRlh0nuLV7iOpM=,Kbw85RqxOGMktbEhfStN/5jjqHA=
-178,-463,pg4fN4Mr8yt1AfRlh0nuLV7iOpM=,Kbw85RqxOGMktbEhfStN/5jjqHA=
-179,-463,pg4fN4Mr8yt1AfRlh0nuLV7iOpM=,Kbw85RqxOGMktbEhfStN/5jjqHA=
-178,-462,pg4fN4Mr8yt1AfRlh0nuLV7iOpM=,Kbw85RqxOGMktbEhfStN/5jjqHA=
-180,-463,pg4fN4Mr8yt1AfRlh0nuLV7iOpM=,Kbw85RqxOGMktbEhfStN/5jjqHA=
-181,-463,pg4fN4Mr8yt1AfRlh0nuLV7iOpM=,Kbw85RqxOGMktbEhfStN/5jjqHA=
-177,-462,pg4fN4Mr8yt1AfRlh0nuLV7iOpM=,Kbw85RqxOGMktbEhfStN/5jjqHA=
-182,-463,pg4fN4Mr8yt1AfRlh0nuLV7iOpM=,Kbw85RqxOGMktbEhfStN/5jjqHA=
-183,-463,pg4fN4Mr8yt1AfRlh0nuLV7iOpM=,Kbw85RqxOGMktbEhfStN/5jjqHA=
-184,-463,pg4fN4Mr8yt1AfRlh0nuLV7iOpM=,Kbw85RqxOGMktbEhfStN/5jjqHA=
-192,-461,pg4fN4Mr8yt1AfRlh0nuLV7iOpM=,Kbw85RqxOGMktbEhfStN/5jjqHA=
-185,-463,pg4fN4Mr8yt1AfRlh0nuLV7iOpM=,Kbw85RqxOGMktbEhfStN/5jjqHA=
-191,-461,pg4fN4Mr8yt1AfRlh0nuLV7iOpM=,Kbw85RqxOGMktbEhfStN/5jjqHA=
-186,-463,pg4fN4Mr8yt1AfRlh0nuLV7iOpM=,Kbw85RqxOGMktbEhfStN/5jjqHA=
-190,-461,pg4fN4Mr8yt1AfRlh0nuLV7iOpM=,Kbw85RqxOGMktbEhfStN/5jjqHA=
-187,-463,pg4fN4Mr8yt1AfRlh0nuLV7iOpM=,Kbw85RqxOGMktbEhfStN/5jjqHA=
-188,-463,pg4fN4Mr8yt1AfRlh0nuLV7iOpM=,Kbw85RqxOGMktbEhfStN/5jjqHA=
-189,-463,pg4fN4Mr8yt1AfRlh0nuLV7iOpM=,Kbw85RqxOGMktbEhfStN/5jjqHA=
-189,-461,pg4fN4Mr8yt1AfRlh0nuLV7iOpM=,Kbw85RqxOGMktbEhfStN/5jjqHA=
-188,-461,pg4fN4Mr8yt1AfRlh0nuLV7iOpM=,Kbw85RqxOGMktbEhfStN/5jjqHA=
-178,-450,pg4fN4Mr8yt1AfRlh0nuLV7iOpM=,Kbw85RqxOGMktbEhfStN/5jjqHA=
-192,-462,pg4fN4Mr8yt1AfRlh0nuLV7iOpM=,Kbw85RqxOGMktbEhfStN/5jjqHA=
-190,-464,pg4fN4Mr8yt1AfRlh0nuLV7iOpM=,Kbw85RqxOGMktbEhfStN/5jjqHA=
-180,-462,pg4fN4Mr8yt1AfRlh0nuLV7iOpM=,Kbw85RqxOGMktbEhfStN/5jjqHA=
-179,-450,pg4fN4Mr8yt1AfRlh0nuLV7iOpM=,Kbw85RqxOGMktbEhfStN/5jjqHA=
-188,-464,pg4fN4Mr8yt1AfRlh0nuLV7iOpM=,Kbw85RqxOGMktbEhfStN/5jjqHA=
-181,-450,pg4fN4Mr8yt1AfRlh0nuLV7iOpM=,Kbw85RqxOGMktbEhfStN/5jjqHA=
-180,-450,pg4fN4Mr8yt1AfRlh0nuLV7iOpM=,Kbw85RqxOGMktbEhfStN/5jjqHA=
-187,-461,pg4fN4Mr8yt1AfRlh0nuLV7iOpM=,Kbw85RqxOGMktbEhfStN/5jjqHA=
-183,-450,pg4fN4Mr8yt1AfRlh0nuLV7iOpM=,Kbw85RqxOGMktbEhfStN/5jjqHA=
-182,-450,pg4fN4Mr8yt1AfRlh0nuLV7iOpM=,Kbw85RqxOGMktbEhfStN/5jjqHA=
-186,-461,pg4fN4Mr8yt1AfRlh0nuLV7iOpM=,Kbw85RqxOGMktbEhfStN/5jjqHA=
-185,-461,pg4fN4Mr8yt1AfRlh0nuLV7iOpM=,Kbw85RqxOGMktbEhfStN/5jjqHA=
-190,-463,pg4fN4Mr8yt1AfRlh0nuLV7iOpM=,Kbw85RqxOGMktbEhfStN/5jjqHA=
-184,-450,pg4fN4Mr8yt1AfRlh0nuLV7iOpM=,Kbw85RqxOGMktbEhfStN/5jjqHA=
-185,-450,pg4fN4Mr8yt1AfRlh0nuLV7iOpM=,Kbw85RqxOGMktbEhfStN/5jjqHA=
-186,-450,pg4fN4Mr8yt1AfRlh0nuLV7iOpM=,Kbw85RqxOGMktbEhfStN/5jjqHA=
-184,-461,pg4fN4Mr8yt1AfRlh0nuLV7iOpM=,Kbw85RqxOGMktbEhfStN/5jjqHA=
-187,-450,pg4fN4Mr8yt1AfRlh0nuLV7iOpM=,Kbw85RqxOGMktbEhfStN/5jjqHA=
-183,-461,pg4fN4Mr8yt1AfRlh0nuLV7iOpM=,Kbw85RqxOGMktbEhfStN/5jjqHA=
-188,-450,pg4fN4Mr8yt1AfRlh0nuLV7iOpM=,Kbw85RqxOGMktbEhfStN/5jjqHA=
-189,-450,pg4fN4Mr8yt1AfRlh0nuLV7iOpM=,Kbw85RqxOGMktbEhfStN/5jjqHA=
-182,-461,pg4fN4Mr8yt1AfRlh0nuLV7iOpM=,Kbw85RqxOGMktbEhfStN/5jjqHA=
-191,-450,pg4fN4Mr8yt1AfRlh0nuLV7iOpM=,Kbw85RqxOGMktbEhfStN/5jjqHA=
-190,-450,pg4fN4Mr8yt1AfRlh0nuLV7iOpM=,Kbw85RqxOGMktbEhfStN/5jjqHA=
-181,-461,pg4fN4Mr8yt1AfRlh0nuLV7iOpM=,Kbw85RqxOGMktbEhfStN/5jjqHA=
-192,-450,pg4fN4Mr8yt1AfRlh0nuLV7iOpM=,Kbw85RqxOGMktbEhfStN/5jjqHA=
-192,-463,pg4fN4Mr8yt1AfRlh0nuLV7iOpM=,Kbw85RqxOGMktbEhfStN/5jjqHA=
-180,-461,pg4fN4Mr8yt1AfRlh0nuLV7iOpM=,Kbw85RqxOGMktbEhfStN/5jjqHA=
-177,-451,pg4fN4Mr8yt1AfRlh0nuLV7iOpM=,Kbw85RqxOGMktbEhfStN/5jjqHA=
-179,-461,pg4fN4Mr8yt1AfRlh0nuLV7iOpM=,Kbw85RqxOGMktbEhfStN/5jjqHA=
-178,-451,pg4fN4Mr8yt1AfRlh0nuLV7iOpM=,Kbw85RqxOGMktbEhfStN/5jjqHA=
-177,-464,pg4fN4Mr8yt1AfRlh0nuLV7iOpM=,Kbw85RqxOGMktbEhfStN/5jjqHA=
-178,-461,pg4fN4Mr8yt1AfRlh0nuLV7iOpM=,Kbw85RqxOGMktbEhfStN/5jjqHA=
-179,-451,pg4fN4Mr8yt1AfRlh0nuLV7iOpM=,Kbw85RqxOGMktbEhfStN/5jjqHA=
-181,-462,pg4fN4Mr8yt1AfRlh0nuLV7iOpM=,Kbw85RqxOGMktbEhfStN/5jjqHA=
-177,-461,pg4fN4Mr8yt1AfRlh0nuLV7iOpM=,Kbw85RqxOGMktbEhfStN/5jjqHA=
-180,-451,pg4fN4Mr8yt1AfRlh0nuLV7iOpM=,Kbw85RqxOGMktbEhfStN/5jjqHA=
-181,-451,pg4fN4Mr8yt1AfRlh0nuLV7iOpM=,Kbw85RqxOGMktbEhfStN/5jjqHA=
-191,-462,pg4fN4Mr8yt1AfRlh0nuLV7iOpM=,Kbw85RqxOGMktbEhfStN/5jjqHA=
-183,-451,pg4fN4Mr8yt1AfRlh0nuLV7iOpM=,Kbw85RqxOGMktbEhfStN/5jjqHA=
-192,-460,pg4fN4Mr8yt1AfRlh0nuLV7iOpM=,Kbw85RqxOGMktbEhfStN/5jjqHA=
-184,-451,pg4fN4Mr8yt1AfRlh0nuLV7iOpM=,Kbw85RqxOGMktbEhfStN/5jjqHA=
-185,-451,pg4fN4Mr8yt1AfRlh0nuLV7iOpM=,Kbw85RqxOGMktbEhfStN/5jjqHA=
-182,-451,pg4fN4Mr8yt1AfRlh0nuLV7iOpM=,Kbw85RqxOGMktbEhfStN/5jjqHA=
-191,-460,pg4fN4Mr8yt1AfRlh0nuLV7iOpM=,Kbw85RqxOGMktbEhfStN/5jjqHA=
-186,-451,pg4fN4Mr8yt1AfRlh0nuLV7iOpM=,Kbw85RqxOGMktbEhfStN/5jjqHA=
-190,-460,pg4fN4Mr8yt1AfRlh0nuLV7iOpM=,Kbw85RqxOGMktbEhfStN/5jjqHA=
-187,-451,pg4fN4Mr8yt1AfRlh0nuLV7iOpM=,Kbw85RqxOGMktbEhfStN/5jjqHA=
-188,-451,pg4fN4Mr8yt1AfRlh0nuLV7iOpM=,Kbw85RqxOGMktbEhfStN/5jjqHA=
-189,-460,pg4fN4Mr8yt1AfRlh0nuLV7iOpM=,Kbw85RqxOGMktbEhfStN/5jjqHA=
-189,-451,pg4fN4Mr8yt1AfRlh0nuLV7iOpM=,Kbw85RqxOGMktbEhfStN/5jjqHA=
-190,-462,pg4fN4Mr8yt1AfRlh0nuLV7iOpM=,Kbw85RqxOGMktbEhfStN/5jjqHA=
-190,-451,pg4fN4Mr8yt1AfRlh0nuLV7iOpM=,Kbw85RqxOGMktbEhfStN/5jjqHA=
-191,-451,pg4fN4Mr8yt1AfRlh0nuLV7iOpM=,Kbw85RqxOGMktbEhfStN/5jjqHA=
-192,-451,pg4fN4Mr8yt1AfRlh0nuLV7iOpM=,Kbw85RqxOGMktbEhfStN/5jjqHA=
-188,-460,pg4fN4Mr8yt1AfRlh0nuLV7iOpM=,Kbw85RqxOGMktbEhfStN/5jjqHA=
-191,-464,pg4fN4Mr8yt1AfRlh0nuLV7iOpM=,Kbw85RqxOGMktbEhfStN/5jjqHA=
-177,-452,pg4fN4Mr8yt1AfRlh0nuLV7iOpM=,Kbw85RqxOGMktbEhfStN/5jjqHA=
-187,-464,pg4fN4Mr8yt1AfRlh0nuLV7iOpM=,Kbw85RqxOGMktbEhfStN/5jjqHA=
-178,-452,pg4fN4Mr8yt1AfRlh0nuLV7iOpM=,Kbw85RqxOGMktbEhfStN/5jjqHA=
-192,-464,pg4fN4Mr8yt1AfRlh0nuLV7iOpM=,Kbw85RqxOGMktbEhfStN/5jjqHA=
-187,-460,pg4fN4Mr8yt1AfRlh0nuLV7iOpM=,Kbw85RqxOGMktbEhfStN/5jjqHA=
-179,-452,pg4fN4Mr8yt1AfRlh0nuLV7iOpM=,Kbw85RqxOGMktbEhfStN/5jjqHA=
-178,-464,pg4fN4Mr8yt1AfRlh0nuLV7iOpM=,Kbw85RqxOGMktbEhfStN/5jjqHA=
-186,-460,pg4fN4Mr8yt1AfRlh0nuLV7iOpM=,Kbw85RqxOGMktbEhfStN/5jjqHA=
-182,-462,pg4fN4Mr8yt1AfRlh0nuLV7iOpM=,Kbw85RqxOGMktbEhfStN/5jjqHA=
-180,-452,pg4fN4Mr8yt1AfRlh0nuLV7iOpM=,Kbw85RqxOGMktbEhfStN/5jjqHA=
-185,-460,pg4fN4Mr8yt1AfRlh0nuLV7iOpM=,Kbw85RqxOGMktbEhfStN/5jjqHA=
-181,-452,pg4fN4Mr8yt1AfRlh0nuLV7iOpM=,Kbw85RqxOGMktbEhfStN/5jjqHA=
-182,-452,pg4fN4Mr8yt1AfRlh0nuLV7iOpM=,Kbw85RqxOGMktbEhfStN/5jjqHA=
-184,-460,pg4fN4Mr8yt1AfRlh0nuLV7iOpM=,Kbw85RqxOGMktbEhfStN/5jjqHA=
-183,-452,pg4fN4Mr8yt1AfRlh0nuLV7iOpM=,Kbw85RqxOGMktbEhfStN/5jjqHA=
-184,-452,pg4fN4Mr8yt1AfRlh0nuLV7iOpM=,Kbw85RqxOGMktbEhfStN/5jjqHA=
-183,-460,pg4fN4Mr8yt1AfRlh0nuLV7iOpM=,Kbw85RqxOGMktbEhfStN/5jjqHA=
-185,-452,pg4fN4Mr8yt1AfRlh0nuLV7iOpM=,Kbw85RqxOGMktbEhfStN/5jjqHA=
-182,-460,pg4fN4Mr8yt1AfRlh0nuLV7iOpM=,Kbw85RqxOGMktbEhfStN/5jjqHA=
-186,-452,pg4fN4Mr8yt1AfRlh0nuLV7iOpM=,Kbw85RqxOGMktbEhfStN/5jjqHA=
-187,-452,pg4fN4Mr8yt1AfRlh0nuLV7iOpM=,Kbw85RqxOGMktbEhfStN/5jjqHA=
-181,-460,pg4fN4Mr8yt1AfRlh0nuLV7iOpM=,Kbw85RqxOGMktbEhfStN/5jjqHA=
-188,-452,pg4fN4Mr8yt1AfRlh0nuLV7iOpM=,Kbw85RqxOGMktbEhfStN/5jjqHA=
-189,-452,pg4fN4Mr8yt1AfRlh0nuLV7iOpM=,Kbw85RqxOGMktbEhfStN/5jjqHA=
-180,-460,pg4fN4Mr8yt1AfRlh0nuLV7iOpM=,Kbw85RqxOGMktbEhfStN/5jjqHA=
-190,-452,pg4fN4Mr8yt1AfRlh0nuLV7iOpM=,Kbw85RqxOGMktbEhfStN/5jjqHA=
-191,-452,pg4fN4Mr8yt1AfRlh0nuLV7iOpM=,Kbw85RqxOGMktbEhfStN/5jjqHA=
-179,-460,pg4fN4Mr8yt1AfRlh0nuLV7iOpM=,Kbw85RqxOGMktbEhfStN/5jjqHA=
-192,-452,pg4fN4Mr8yt1AfRlh0nuLV7iOpM=,Kbw85RqxOGMktbEhfStN/5jjqHA=
-177,-453,pg4fN4Mr8yt1AfRlh0nuLV7iOpM=,Kbw85RqxOGMktbEhfStN/5jjqHA=
-178,-460,pg4fN4Mr8yt1AfRlh0nuLV7iOpM=,Kbw85RqxOGMktbEhfStN/5jjqHA=
-178,-453,pg4fN4Mr8yt1AfRlh0nuLV7iOpM=,Kbw85RqxOGMktbEhfStN/5jjqHA=
-179,-453,pg4fN4Mr8yt1AfRlh0nuLV7iOpM=,Kbw85RqxOGMktbEhfStN/5jjqHA=
-177,-460,pg4fN4Mr8yt1AfRlh0nuLV7iOpM=,Kbw85RqxOGMktbEhfStN/5jjqHA=
-180,-453,pg4fN4Mr8yt1AfRlh0nuLV7iOpM=,Kbw85RqxOGMktbEhfStN/5jjqHA=
-179,-464,pg4fN4Mr8yt1AfRlh0nuLV7iOpM=,Kbw85RqxOGMktbEhfStN/5jjqHA=
-186,-464,pg4fN4Mr8yt1AfRlh0nuLV7iOpM=,Kbw85RqxOGMktbEhfStN/5jjqHA=
-181,-453,pg4fN4Mr8yt1AfRlh0nuLV7iOpM=,Kbw85RqxOGMktbEhfStN/5jjqHA=
-183,-462,pg4fN4Mr8yt1AfRlh0nuLV7iOpM=,Kbw85RqxOGMktbEhfStN/5jjqHA=
-192,-459,pg4fN4Mr8yt1AfRlh0nuLV7iOpM=,Kbw85RqxOGMktbEhfStN/5jjqHA=
-182,-453,pg4fN4Mr8yt1AfRlh0nuLV7iOpM=,Kbw85RqxOGMktbEhfStN/5jjqHA=
-183,-453,pg4fN4Mr8yt1AfRlh0nuLV7iOpM=,Kbw85RqxOGMktbEhfStN/5jjqHA=
-191,-459,pg4fN4Mr8yt1AfRlh0nuLV7iOpM=,Kbw85RqxOGMktbEhfStN/5jjqHA=
-184,-453,pg4fN4Mr8yt1AfRlh0nuLV7iOpM=,Kbw85RqxOGMktbEhfStN/5jjqHA=
-185,-453,pg4fN4Mr8yt1AfRlh0nuLV7iOpM=,Kbw85RqxOGMktbEhfStN/5jjqHA=
-186,-453,pg4fN4Mr8yt1AfRlh0nuLV7iOpM=,Kbw85RqxOGMktbEhfStN/5jjqHA=
-190,-459,pg4fN4Mr8yt1AfRlh0nuLV7iOpM=,Kbw85RqxOGMktbEhfStN/5jjqHA=
-187,-453,pg4fN4Mr8yt1AfRlh0nuLV7iOpM=,Kbw85RqxOGMktbEhfStN/5jjqHA=
-189,-459,pg4fN4Mr8yt1AfRlh0nuLV7iOpM=,Kbw85RqxOGMktbEhfStN/5jjqHA=
-188,-453,pg4fN4Mr8yt1AfRlh0nuLV7iOpM=,Kbw85RqxOGMktbEhfStN/5jjqHA=
-189,-453,pg4fN4Mr8yt1AfRlh0nuLV7iOpM=,Kbw85RqxOGMktbEhfStN/5jjqHA=
-188,-459,pg4fN4Mr8yt1AfRlh0nuLV7iOpM=,Kbw85RqxOGMktbEhfStN/5jjqHA=
-190,-453,pg4fN4Mr8yt1AfRlh0nuLV7iOpM=,Kbw85RqxOGMktbEhfStN/5jjqHA=
-191,-453,pg4fN4Mr8yt1AfRlh0nuLV7iOpM=,Kbw85RqxOGMktbEhfStN/5jjqHA=
-189,-462,pg4fN4Mr8yt1AfRlh0nuLV7iOpM=,Kbw85RqxOGMktbEhfStN/5jjqHA=
-192,-453,pg4fN4Mr8yt1AfRlh0nuLV7iOpM=,Kbw85RqxOGMktbEhfStN/5jjqHA=
-177,-454,pg4fN4Mr8yt1AfRlh0nuLV7iOpM=,Kbw85RqxOGMktbEhfStN/5jjqHA=
-187,-459,pg4fN4Mr8yt1AfRlh0nuLV7iOpM=,Kbw85RqxOGMktbEhfStN/5jjqHA=
-179,-454,pg4fN4Mr8yt1AfRlh0nuLV7iOpM=,Kbw85RqxOGMktbEhfStN/5jjqHA=
-178,-454,pg4fN4Mr8yt1AfRlh0nuLV7iOpM=,Kbw85RqxOGMktbEhfStN/5jjqHA=
-185,-464,pg4fN4Mr8yt1AfRlh0nuLV7iOpM=,Kbw85RqxOGMktbEhfStN/5jjqHA=
-180,-454,pg4fN4Mr8yt1AfRlh0nuLV7iOpM=,Kbw85RqxOGMktbEhfStN/5jjqHA=
-186,-459,pg4fN4Mr8yt1AfRlh0nuLV7iOpM=,Kbw85RqxOGMktbEhfStN/5jjqHA=
-181,-454,pg4fN4Mr8yt1AfRlh0nuLV7iOpM=,Kbw85RqxOGMktbEhfStN/5jjqHA=
-180,-464,pg4fN4Mr8yt1AfRlh0nuLV7iOpM=,Kbw85RqxOGMktbEhfStN/5jjqHA=
-185,-459,pg4fN4Mr8yt1AfRlh0nuLV7iOpM=,Kbw85RqxOGMktbEhfStN/5jjqHA=
-182,-454,pg4fN4Mr8yt1AfRlh0nuLV7iOpM=,Kbw85RqxOGMktbEhfStN/5jjqHA=
-184,-462,pg4fN4Mr8yt1AfRlh0nuLV7iOpM=,Kbw85RqxOGMktbEhfStN/5jjqHA=
-184,-459,pg4fN4Mr8yt1AfRlh0nuLV7iOpM=,Kbw85RqxOGMktbEhfStN/5jjqHA=
-183,-454,pg4fN4Mr8yt1AfRlh0nuLV7iOpM=,Kbw85RqxOGMktbEhfStN/5jjqHA=
-183,-459,pg4fN4Mr8yt1AfRlh0nuLV7iOpM=,Kbw85RqxOGMktbEhfStN/5jjqHA=
-184,-454,pg4fN4Mr8yt1AfRlh0nuLV7iOpM=,Kbw85RqxOGMktbEhfStN/5jjqHA=
-185,-454,pg4fN4Mr8yt1AfRlh0nuLV7iOpM=,Kbw85RqxOGMktbEhfStN/5jjqHA=
-182,-459,pg4fN4Mr8yt1AfRlh0nuLV7iOpM=,Kbw85RqxOGMktbEhfStN/5jjqHA=
-186,-454,pg4fN4Mr8yt1AfRlh0nuLV7iOpM=,Kbw85RqxOGMktbEhfStN/5jjqHA=
-187,-454,pg4fN4Mr8yt1AfRlh0nuLV7iOpM=,Kbw85RqxOGMktbEhfStN/5jjqHA=
-181,-459,pg4fN4Mr8yt1AfRlh0nuLV7iOpM=,Kbw85RqxOGMktbEhfStN/5jjqHA=
-188,-454,pg4fN4Mr8yt1AfRlh0nuLV7iOpM=,Kbw85RqxOGMktbEhfStN/5jjqHA=
-189,-454,pg4fN4Mr8yt1AfRlh0nuLV7iOpM=,Kbw85RqxOGMktbEhfStN/5jjqHA=
-190,-454,pg4fN4Mr8yt1AfRlh0nuLV7iOpM=,Kbw85RqxOGMktbEhfStN/5jjqHA=
-180,-459,pg4fN4Mr8yt1AfRlh0nuLV7iOpM=,Kbw85RqxOGMktbEhfStN/5jjqHA=
-191,-454,pg4fN4Mr8yt1AfRlh0nuLV7iOpM=,Kbw85RqxOGMktbEhfStN/5jjqHA=
-192,-454,pg4fN4Mr8yt1AfRlh0nuLV7iOpM=,Kbw85RqxOGMktbEhfStN/5jjqHA=
-177,-455,pg4fN4Mr8yt1AfRlh0nuLV7iOpM=,Kbw85RqxOGMktbEhfStN/5jjqHA=
-179,-459,pg4fN4Mr8yt1AfRlh0nuLV7iOpM=,Kbw85RqxOGMktbEhfStN/5jjqHA=
-178,-455,pg4fN4Mr8yt1AfRlh0nuLV7iOpM=,Kbw85RqxOGMktbEhfStN/5jjqHA=
-179,-455,pg4fN4Mr8yt1AfRlh0nuLV7iOpM=,Kbw85RqxOGMktbEhfStN/5jjqHA=
-178,-459,pg4fN4Mr8yt1AfRlh0nuLV7iOpM=,Kbw85RqxOGMktbEhfStN/5jjqHA=
-180,-455,pg4fN4Mr8yt1AfRlh0nuLV7iOpM=,Kbw85RqxOGMktbEhfStN/5jjqHA=
-181,-455,pg4fN4Mr8yt1AfRlh0nuLV7iOpM=,Kbw85RqxOGMktbEhfStN/5jjqHA=
-177,-459,pg4fN4Mr8yt1AfRlh0nuLV7iOpM=,Kbw85RqxOGMktbEhfStN/5jjqHA=
-182,-455,pg4fN4Mr8yt1AfRlh0nuLV7iOpM=,Kbw85RqxOGMktbEhfStN/5jjqHA=
-181,-464,pg4fN4Mr8yt1AfRlh0nuLV7iOpM=,Kbw85RqxOGMktbEhfStN/5jjqHA=
-183,-455,pg4fN4Mr8yt1AfRlh0nuLV7iOpM=,Kbw85RqxOGMktbEhfStN/5jjqHA=
-185,-462,pg4fN4Mr8yt1AfRlh0nuLV7iOpM=,Kbw85RqxOGMktbEhfStN/5jjqHA=
-191,-458,pg4fN4Mr8yt1AfRlh0nuLV7iOpM=,Kbw85RqxOGMktbEhfStN/5jjqHA=
-184,-455,pg4fN4Mr8yt1AfRlh0nuLV7iOpM=,Kbw85RqxOGMktbEhfStN/5jjqHA=
-185,-455,pg4fN4Mr8yt1AfRlh0nuLV7iOpM=,Kbw85RqxOGMktbEhfStN/5jjqHA=
-190,-458,pg4fN4Mr8yt1AfRlh0nuLV7iOpM=,Kbw85RqxOGMktbEhfStN/5jjqHA=
-186,-455,pg4fN4Mr8yt1AfRlh0nuLV7iOpM=,Kbw85RqxOGMktbEhfStN/5jjqHA=
-192,-458,pg4fN4Mr8yt1AfRlh0nuLV7iOpM=,Kbw85RqxOGMktbEhfStN/5jjqHA=
-189,-458,pg4fN4Mr8yt1AfRlh0nuLV7iOpM=,Kbw85RqxOGMktbEhfStN/5jjqHA=
-187,-455,pg4fN4Mr8yt1AfRlh0nuLV7iOpM=,Kbw85RqxOGMktbEhfStN/5jjqHA=
-188,-455,pg4fN4Mr8yt1AfRlh0nuLV7iOpM=,Kbw85RqxOGMktbEhfStN/5jjqHA=
-188,-458,pg4fN4Mr8yt1AfRlh0nuLV7iOpM=,Kbw85RqxOGMktbEhfStN/5jjqHA=
-190,-455,pg4fN4Mr8yt1AfRlh0nuLV7iOpM=,Kbw85RqxOGMktbEhfStN/5jjqHA=
-189,-455,pg4fN4Mr8yt1AfRlh0nuLV7iOpM=,Kbw85RqxOGMktbEhfStN/5jjqHA=
-187,-458,pg4fN4Mr8yt1AfRlh0nuLV7iOpM=,Kbw85RqxOGMktbEhfStN/5jjqHA=
-191,-455,pg4fN4Mr8yt1AfRlh0nuLV7iOpM=,Kbw85RqxOGMktbEhfStN/5jjqHA=
-192,-455,pg4fN4Mr8yt1AfRlh0nuLV7iOpM=,Kbw85RqxOGMktbEhfStN/5jjqHA=
-177,-456,pg4fN4Mr8yt1AfRlh0nuLV7iOpM=,Kbw85RqxOGMktbEhfStN/5jjqHA=
-188,-462,pg4fN4Mr8yt1AfRlh0nuLV7iOpM=,Kbw85RqxOGMktbEhfStN/5jjqHA=
-178,-456,pg4fN4Mr8yt1AfRlh0nuLV7iOpM=,Kbw85RqxOGMktbEhfStN/5jjqHA=
-186,-458,pg4fN4Mr8yt1AfRlh0nuLV7iOpM=,Kbw85RqxOGMktbEhfStN/5jjqHA=
-179,-456,pg4fN4Mr8yt1AfRlh0nuLV7iOpM=,Kbw85RqxOGMktbEhfStN/5jjqHA=
-184,-464,pg4fN4Mr8yt1AfRlh0nuLV7iOpM=,Kbw85RqxOGMktbEhfStN/5jjqHA=
-180,-456,pg4fN4Mr8yt1AfRlh0nuLV7iOpM=,Kbw85RqxOGMktbEhfStN/5jjqHA=
-185,-458,pg4fN4Mr8yt1AfRlh0nuLV7iOpM=,Kbw85RqxOGMktbEhfStN/5jjqHA=
-181,-456,pg4fN4Mr8yt1AfRlh0nuLV7iOpM=,Kbw85RqxOGMktbEhfStN/5jjqHA=
-182,-456,pg4fN4Mr8yt1AfRlh0nuLV7iOpM=,Kbw85RqxOGMktbEhfStN/5jjqHA=
-184,-458,pg4fN4Mr8yt1AfRlh0nuLV7iOpM=,Kbw85RqxOGMktbEhfStN/5jjqHA=
-183,-456,pg4fN4Mr8yt1AfRlh0nuLV7iOpM=,Kbw85RqxOGMktbEhfStN/5jjqHA=
-182,-464,pg4fN4Mr8yt1AfRlh0nuLV7iOpM=,Kbw85RqxOGMktbEhfStN/5jjqHA=
-184,-456,pg4fN4Mr8yt1AfRlh0nuLV7iOpM=,Kbw85RqxOGMktbEhfStN/5jjqHA=
-183,-458,pg4fN4Mr8yt1AfRlh0nuLV7iOpM=,Kbw85RqxOGMktbEhfStN/5jjqHA=
-186,-462,pg4fN4Mr8yt1AfRlh0nuLV7iOpM=,Kbw85RqxOGMktbEhfStN/5jjqHA=
-182,-458,pg4fN4Mr8yt1AfRlh0nuLV7iOpM=,Kbw85RqxOGMktbEhfStN/5jjqHA=
-185,-456,pg4fN4Mr8yt1AfRlh0nuLV7iOpM=,Kbw85RqxOGMktbEhfStN/5jjqHA=
-186,-456,pg4fN4Mr8yt1AfRlh0nuLV7iOpM=,Kbw85RqxOGMktbEhfStN/5jjqHA=
-181,-458,pg4fN4Mr8yt1AfRlh0nuLV7iOpM=,Kbw85RqxOGMktbEhfStN/5jjqHA=
-187,-456,pg4fN4Mr8yt1AfRlh0nuLV7iOpM=,Kbw85RqxOGMktbEhfStN/5jjqHA=
-188,-456,pg4fN4Mr8yt1AfRlh0nuLV7iOpM=,Kbw85RqxOGMktbEhfStN/5jjqHA=
-180,-458,pg4fN4Mr8yt1AfRlh0nuLV7iOpM=,Kbw85RqxOGMktbEhfStN/5jjqHA=
-189,-456,pg4fN4Mr8yt1AfRlh0nuLV7iOpM=,Kbw85RqxOGMktbEhfStN/5jjqHA=
-190,-456,pg4fN4Mr8yt1AfRlh0nuLV7iOpM=,Kbw85RqxOGMktbEhfStN/5jjqHA=
-179,-458,pg4fN4Mr8yt1AfRlh0nuLV7iOpM=,Kbw85RqxOGMktbEhfStN/5jjqHA=
-192,-456,pg4fN4Mr8yt1AfRlh0nuLV7iOpM=,Kbw85RqxOGMktbEhfStN/5jjqHA=
-191,-456,pg4fN4Mr8yt1AfRlh0nuLV7iOpM=,Kbw85RqxOGMktbEhfStN/5jjqHA=
-178,-458,pg4fN4Mr8yt1AfRlh0nuLV7iOpM=,Kbw85RqxOGMktbEhfStN/5jjqHA=
-177,-457,pg4fN4Mr8yt1AfRlh0nuLV7iOpM=,Kbw85RqxOGMktbEhfStN/5jjqHA=
-178,-457,pg4fN4Mr8yt1AfRlh0nuLV7iOpM=,Kbw85RqxOGMktbEhfStN/5jjqHA=
-177,-458,pg4fN4Mr8yt1AfRlh0nuLV7iOpM=,Kbw85RqxOGMktbEhfStN/5jjqHA=
-179,-457,pg4fN4Mr8yt1AfRlh0nuLV7iOpM=,Kbw85RqxOGMktbEhfStN/5jjqHA=
-192,-457,pg4fN4Mr8yt1AfRlh0nuLV7iOpM=,Kbw85RqxOGMktbEhfStN/5jjqHA=
-180,-457,pg4fN4Mr8yt1AfRlh0nuLV7iOpM=,Kbw85RqxOGMktbEhfStN/5jjqHA=
-181,-457,pg4fN4Mr8yt1AfRlh0nuLV7iOpM=,Kbw85RqxOGMktbEhfStN/5jjqHA=
-182,-457,pg4fN4Mr8yt1AfRlh0nuLV7iOpM=,Kbw85RqxOGMktbEhfStN/5jjqHA=
-191,-457,pg4fN4Mr8yt1AfRlh0nuLV7iOpM=,Kbw85RqxOGMktbEhfStN/5jjqHA=
-183,-457,pg4fN4Mr8yt1AfRlh0nuLV7iOpM=,Kbw85RqxOGMktbEhfStN/5jjqHA=
-190,-457,pg4fN4Mr8yt1AfRlh0nuLV7iOpM=,Kbw85RqxOGMktbEhfStN/5jjqHA=
-184,-457,pg4fN4Mr8yt1AfRlh0nuLV7iOpM=,Kbw85RqxOGMktbEhfStN/5jjqHA=
-183,-464,pg4fN4Mr8yt1AfRlh0nuLV7iOpM=,Kbw85RqxOGMktbEhfStN/5jjqHA=
-189,-457,pg4fN4Mr8yt1AfRlh0nuLV7iOpM=,Kbw85RqxOGMktbEhfStN/5jjqHA=
-185,-457,pg4fN4Mr8yt1AfRlh0nuLV7iOpM=,Kbw85RqxOGMktbEhfStN/5jjqHA=
-187,-462,pg4fN4Mr8yt1AfRlh0nuLV7iOpM=,Kbw85RqxOGMktbEhfStN/5jjqHA=
-186,-457,pg4fN4Mr8yt1AfRlh0nuLV7iOpM=,Kbw85RqxOGMktbEhfStN/5jjqHA=
-187,-457,pg4fN4Mr8yt1AfRlh0nuLV7iOpM=,Kbw85RqxOGMktbEhfStN/5jjqHA=
-188,-457,pg4fN4Mr8yt1AfRlh0nuLV7iOpM=,Kbw85RqxOGMktbEhfStN/5jjqHA=
