899,64,mAHcNk4DQsto2DLOir6Ky7th/H8=,b2L9+tKTwgnCtwnJThd207wooPg=
911,79,mAHcNk4DQsto2DLOir6Ky7th/H8=,b2L9+tKTwgnCtwnJThd207wooPg=
909,79,mAHcNk4DQsto2DLOir6Ky7th/H8=,b2L9+tKTwgnCtwnJThd207wooPg=
910,79,mAHcNk4DQsto2DLOir6Ky7th/H8=,b2L9+tKTwgnCtwnJThd207wooPg=
907,79,mAHcNk4DQsto2DLOir6Ky7th/H8=,b2L9+tKTwgnCtwnJThd207wooPg=
908,79,mAHcNk4DQsto2DLOir6Ky7th/H8=,b2L9+tKTwgnCtwnJThd207wooPg=
906,79,mAHcNk4DQsto2DLOir6Ky7th/H8=,b2L9+tKTwgnCtwnJThd207wooPg=
905,79,mAHcNk4DQsto2DLOir6Ky7th/H8=,b2L9+tKTwgnCtwnJThd207wooPg=
904,79,mAHcNk4DQsto2DLOir6Ky7th/H8=,b2L9+tKTwgnCtwnJThd207wooPg=
903,79,mAHcNk4DQsto2DLOir6Ky7th/H8=,b2L9+tKTwgnCtwnJThd207wooPg=
910,66,mAHcNk4DQsto2DLOir6Ky7th/H8=,b2L9+tKTwgnCtwnJThd207wooPg=
902,79,mAHcNk4DQsto2DLOir6Ky7th/H8=,b2L9+tKTwgnCtwnJThd207wooPg=
911,66,mAHcNk4DQsto2DLOir6Ky7th/H8=,b2L9+tKTwgnCtwnJThd207wooPg=
901,79,mAHcNk4DQsto2DLOir6Ky7th/H8=,b2L9+tKTwgnCtwnJThd207wooPg=
896,67,mAHcNk4DQsto2DLOir6Ky7th/H8=,b2L9+tKTwgnCtwnJThd207wooPg=
900,79,mAHcNk4DQsto2DLOir6Ky7th/H8=,b2L9+tKTwgnCtwnJThd207wooPg=
897,67,mAHcNk4DQsto2DLOir6Ky7th/H8=,b2L9+tKTwgnCtwnJThd207wooPg=
899,79,mAHcNk4DQsto2DLOir6Ky7th/H8=,b2L9+tKTwgnCtwnJThd207wooPg=
898,67,mAHcNk4DQsto2DLOir6Ky7th/H8=,b2L9+tKTwgnCtwnJThd207wooPg=
898,79,mAHcNk4DQsto2DLOir6Ky7th/H8=,b2L9+tKTwgnCtwnJThd207wooPg=
899,67,mAHcNk4DQsto2DLOir6Ky7th/H8=,b2L9+tKTwgnCtwnJThd207wooPg=
896,66,mAHcNk4DQsto2DLOir6Ky7th/H8=,b2L9+tKTwgnCtwnJThd207wooPg=
900,67,mAHcNk4DQsto2DLOir6Ky7th/H8=,b2L9+tKTwgnCtwnJThd207wooPg=
897,65,mAHcNk4DQsto2DLOir6Ky7th/H8=,b2L9+tKTwgnCtwnJThd207wooPg=
900,64,mAHcNk4DQsto2DLOir6Ky7th/H8=,b2L9+tKTwgnCtwnJThd207wooPg=
911,65,mAHcNk4DQsto2DLOir6Ky7th/H8=,b2L9+tKTwgnCtwnJThd207wooPg=
901,67,mAHcNk4DQsto2DLOir6Ky7th/H8=,b2L9+tKTwgnCtwnJThd207wooPg=
902,67,mAHcNk4DQsto2DLOir6Ky7th/H8=,b2L9+tKTwgnCtwnJThd207wooPg=
903,67,mAHcNk4DQsto2DLOir6Ky7th/H8=,b2L9+tKTwgnCtwnJThd207wooPg=
909,66,mAHcNk4DQsto2DLOir6Ky7th/H8=,b2L9+tKTwgnCtwnJThd207wooPg=
897,79,mAHcNk4DQsto2DLOir6Ky7th/H8=,b2L9+tKTwgnCtwnJThd207wooPg=
904,67,mAHcNk4DQsto2DLOir6Ky7th/H8=,b2L9+tKTwgnCtwnJThd207wooPg=
905,67,mAHcNk4DQsto2DLOir6Ky7th/H8=,b2L9+tKTwgnCtwnJThd207wooPg=
896,79,mAHcNk4DQsto2DLOir6Ky7th/H8=,b2L9+tKTwgnCtwnJThd207wooPg=
906,67,mAHcNk4DQsto2DLOir6Ky7th/H8=,b2L9+tKTwgnCtwnJThd207wooPg=
911,78,mAHcNk4DQsto2DLOir6Ky7th/H8=,b2L9+tKTwgnCtwnJThd207wooPg=
907,67,mAHcNk4DQsto2DLOir6Ky7th/H8=,b2L9+tKTwgnCtwnJThd207wooPg=
910,65,mAHcNk4DQsto2DLOir6Ky7th/H8=,b2L9+tKTwgnCtwnJThd207wooPg=
908,67,mAHcNk4DQsto2DLOir6Ky7th/H8=,b2L9+tKTwgnCtwnJThd207wooPg=
909,67,mAHcNk4DQsto2DLOir6Ky7th/H8=,b2L9+tKTwgnCtwnJThd207wooPg=
909,65,mAHcNk4DQsto2DLOir6Ky7th/H8=,b2L9+tKTwgnCtwnJThd207wooPg=
910,67,mAHcNk4DQsto2DLOir6Ky7th/H8=,b2L9+tKTwgnCtwnJThd207wooPg=
908,65,mAHcNk4DQsto2DLOir6Ky7th/H8=,b2L9+tKTwgnCtwnJThd207wooPg=
911,67,mAHcNk4DQsto2DLOir6Ky7th/H8=,b2L9+tKTwgnCtwnJThd207wooPg=
907,65,mAHcNk4DQsto2DLOir6Ky7th/H8=,b2L9+tKTwgnCtwnJThd207wooPg=
897,66,mAHcNk4DQsto2DLOir6Ky7th/H8=,b2L9+tKTwgnCtwnJThd207wooPg=
896,68,mAHcNk4DQsto2DLOir6Ky7th/H8=,b2L9+tKTwgnCtwnJThd207wooPg=
906,65,mAHcNk4DQsto2DLOir6Ky7th/H8=,b2L9+tKTwgnCtwnJThd207wooPg=
897,68,mAHcNk4DQsto2DLOir6Ky7th/H8=,b2L9+tKTwgnCtwnJThd207wooPg=
905,65,mAHcNk4DQsto2DLOir6Ky7th/H8=,b2L9+tKTwgnCtwnJThd207wooPg=
898,68,mAHcNk4DQsto2DLOir6Ky7th/H8=,b2L9+tKTwgnCtwnJThd207wooPg=
904,65,mAHcNk4DQsto2DLOir6Ky7th/H8=,b2L9+tKTwgnCtwnJThd207wooPg=
899,68,mAHcNk4DQsto2DLOir6Ky7th/H8=,b2L9+tKTwgnCtwnJThd207wooPg=
900,68,mAHcNk4DQsto2DLOir6Ky7th/H8=,b2L9+tKTwgnCtwnJThd207wooPg=
903,65,mAHcNk4DQsto2DLOir6Ky7th/H8=,b2L9+tKTwgnCtwnJThd207wooPg=
898,66,mAHcNk4DQsto2DLOir6Ky7th/H8=,b2L9+tKTwgnCtwnJThd207wooPg=
901,64,mAHcNk4DQsto2DLOir6Ky7th/H8=,b2L9+tKTwgnCtwnJThd207wooPg=
902,65,mAHcNk4DQsto2DLOir6Ky7th/H8=,b2L9+tKTwgnCtwnJThd207wooPg=
901,68,mAHcNk4DQsto2DLOir6Ky7th/H8=,b2L9+tKTwgnCtwnJThd207wooPg=
902,68,mAHcNk4DQsto2DLOir6Ky7th/H8=,b2L9+tKTwgnCtwnJThd207wooPg=
901,65,mAHcNk4DQsto2DLOir6Ky7th/H8=,b2L9+tKTwgnCtwnJThd207wooPg=
903,68,mAHcNk4DQsto2DLOir6Ky7th/H8=,b2L9+tKTwgnCtwnJThd207wooPg=
904,68,mAHcNk4DQsto2DLOir6Ky7th/H8=,b2L9+tKTwgnCtwnJThd207wooPg=
900,65,mAHcNk4DQsto2DLOir6Ky7th/H8=,b2L9+tKTwgnCtwnJThd207wooPg=
905,68,mAHcNk4DQsto2DLOir6Ky7th/H8=,b2L9+tKTwgnCtwnJThd207wooPg=
899,65,mAHcNk4DQsto2DLOir6Ky7th/H8=,b2L9+tKTwgnCtwnJThd207wooPg=
906,68,mAHcNk4DQsto2DLOir6Ky7th/H8=,b2L9+tKTwgnCtwnJThd207wooPg=
907,68,mAHcNk4DQsto2DLOir6Ky7th/H8=,b2L9+tKTwgnCtwnJThd207wooPg=
898,65,mAHcNk4DQsto2DLOir6Ky7th/H8=,b2L9+tKTwgnCtwnJThd207wooPg=
908,68,mAHcNk4DQsto2DLOir6Ky7th/H8=,b2L9+tKTwgnCtwnJThd207wooPg=
898,64,mAHcNk4DQsto2DLOir6Ky7th/H8=,b2L9+tKTwgnCtwnJThd207wooPg=
909,68,mAHcNk4DQsto2DLOir6Ky7th/H8=,b2L9+tKTwgnCtwnJThd207wooPg=
910,68,mAHcNk4DQsto2DLOir6Ky7th/H8=,b2L9+tKTwgnCtwnJThd207wooPg=
908,66,mAHcNk4DQsto2DLOir6Ky7th/H8=,b2L9+tKTwgnCtwnJThd207wooPg=
911,68,mAHcNk4DQsto2DLOir6Ky7th/H8=,b2L9+tKTwgnCtwnJThd207wooPg=
910,78,mAHcNk4DQsto2DLOir6Ky7th/H8=,b2L9+tKTwgnCtwnJThd207wooPg=
902,64,mAHcNk4DQsto2DLOir6Ky7th/H8=,b2L9+tKTwgnCtwnJThd207wooPg=
909,78,mAHcNk4DQsto2DLOir6Ky7th/H8=,b2L9+tKTwgnCtwnJThd207wooPg=
896,69,mAHcNk4DQsto2DLOir6Ky7th/H8=,b2L9+tKTwgnCtwnJThd207wooPg=
897,69,mAHcNk4DQsto2DLOir6Ky7th/H8=,b2L9+tKTwgnCtwnJThd207wooPg=
898,69,mAHcNk4DQsto2DLOir6Ky7th/H8=,b2L9+tKTwgnCtwnJThd207wooPg=
908,78,mAHcNk4DQsto2DLOir6Ky7th/H8=,b2L9+tKTwgnCtwnJThd207wooPg=
907,78,mAHcNk4DQsto2DLOir6Ky7th/H8=,b2L9+tKTwgnCtwnJThd207wooPg=
899,69,mAHcNk4DQsto2DLOir6Ky7th/H8=,b2L9+tKTwgnCtwnJThd207wooPg=
900,69,mAHcNk4DQsto2DLOir6Ky7th/H8=,b2L9+tKTwgnCtwnJThd207wooPg=
906,78,mAHcNk4DQsto2DLOir6Ky7th/H8=,b2L9+tKTwgnCtwnJThd207wooPg=
905,78,mAHcNk4DQsto2DLOir6Ky7th/H8=,b2L9+tKTwgnCtwnJThd207wooPg=
901,69,mAHcNk4DQsto2DLOir6Ky7th/H8=,b2L9+tKTwgnCtwnJThd207wooPg=
904,78,mAHcNk4DQsto2DLOir6Ky7th/H8=,b2L9+tKTwgnCtwnJThd207wooPg=
899,66,mAHcNk4DQsto2DLOir6Ky7th/H8=,b2L9+tKTwgnCtwnJThd207wooPg=
903,64,mAHcNk4DQsto2DLOir6Ky7th/H8=,b2L9+tKTwgnCtwnJThd207wooPg=
903,78,mAHcNk4DQsto2DLOir6Ky7th/H8=,b2L9+tKTwgnCtwnJThd207wooPg=
902,69,mAHcNk4DQsto2DLOir6Ky7th/H8=,b2L9+tKTwgnCtwnJThd207wooPg=
902,78,mAHcNk4DQsto2DLOir6Ky7th/H8=,b2L9+tKTwgnCtwnJThd207wooPg=
903,69,mAHcNk4DQsto2DLOir6Ky7th/H8=,b2L9+tKTwgnCtwnJThd207wooPg=
904,69,mAHcNk4DQsto2DLOir6Ky7th/H8=,b2L9+tKTwgnCtwnJThd207wooPg=
901,78,mAHcNk4DQsto2DLOir6Ky7th/H8=,b2L9+tKTwgnCtwnJThd207wooPg=
905,69,mAHcNk4DQsto2DLOir6Ky7th/H8=,b2L9+tKTwgnCtwnJThd207wooPg=
900,78,mAHcNk4DQsto2DLOir6Ky7th/H8=,b2L9+tKTwgnCtwnJThd207wooPg=
906,69,mAHcNk4DQsto2DLOir6Ky7th/H8=,b2L9+tKTwgnCtwnJThd207wooPg=
898,78,mAHcNk4DQsto2DLOir6Ky7th/H8=,b2L9+tKTwgnCtwnJThd207wooPg=
907,69,mAHcNk4DQsto2DLOir6Ky7th/H8=,b2L9+tKTwgnCtwnJThd207wooPg=
897,78,mAHcNk4DQsto2DLOir6Ky7th/H8=,b2L9+tKTwgnCtwnJThd207wooPg=
908,69,mAHcNk4DQsto2DLOir6Ky7th/H8=,b2L9+tKTwgnCtwnJThd207wooPg=
896,78,mAHcNk4DQsto2DLOir6Ky7th/H8=,b2L9+tKTwgnCtwnJThd207wooPg=
909,69,mAHcNk4DQsto2DLOir6Ky7th/H8=,b2L9+tKTwgnCtwnJThd207wooPg=
910,69,mAHcNk4DQsto2DLOir6Ky7th/H8=,b2L9+tKTwgnCtwnJThd207wooPg=
911,77,mAHcNk4DQsto2DLOir6Ky7th/H8=,b2L9+tKTwgnCtwnJThd207wooPg=
911,69,mAHcNk4DQsto2DLOir6Ky7th/H8=,b2L9+tKTwgnCtwnJThd207wooPg=
896,70,mAHcNk4DQsto2DLOir6Ky7th/H8=,b2L9+tKTwgnCtwnJThd207wooPg=
910,77,mAHcNk4DQsto2DLOir6Ky7th/H8=,b2L9+tKTwgnCtwnJThd207wooPg=
909,77,mAHcNk4DQsto2DLOir6Ky7th/H8=,b2L9+tKTwgnCtwnJThd207wooPg=
896,65,mAHcNk4DQsto2DLOir6Ky7th/H8=,b2L9+tKTwgnCtwnJThd207wooPg=
897,70,mAHcNk4DQsto2DLOir6Ky7th/H8=,b2L9+tKTwgnCtwnJThd207wooPg=
898,70,mAHcNk4DQsto2DLOir6Ky7th/H8=,b2L9+tKTwgnCtwnJThd207wooPg=
907,66,mAHcNk4DQsto2DLOir6Ky7th/H8=,b2L9+tKTwgnCtwnJThd207wooPg=
899,78,mAHcNk4DQsto2DLOir6Ky7th/H8=,b2L9+tKTwgnCtwnJThd207wooPg=
899,70,mAHcNk4DQsto2DLOir6Ky7th/H8=,b2L9+tKTwgnCtwnJThd207wooPg=
908,77,mAHcNk4DQsto2DLOir6Ky7th/H8=,b2L9+tKTwgnCtwnJThd207wooPg=
900,70,mAHcNk4DQsto2DLOir6Ky7th/H8=,b2L9+tKTwgnCtwnJThd207wooPg=
907,77,mAHcNk4DQsto2DLOir6Ky7th/H8=,b2L9+tKTwgnCtwnJThd207wooPg=
901,70,mAHcNk4DQsto2DLOir6Ky7th/H8=,b2L9+tKTwgnCtwnJThd207wooPg=
902,70,mAHcNk4DQsto2DLOir6Ky7th/H8=,b2L9+tKTwgnCtwnJThd207wooPg=
906,77,mAHcNk4DQsto2DLOir6Ky7th/H8=,b2L9+tKTwgnCtwnJThd207wooPg=
905,77,mAHcNk4DQsto2DLOir6Ky7th/H8=,b2L9+tKTwgnCtwnJThd207wooPg=
900,66,mAHcNk4DQsto2DLOir6Ky7th/H8=,b2L9+tKTwgnCtwnJThd207wooPg=
904,64,mAHcNk4DQsto2DLOir6Ky7th/H8=,b2L9+tKTwgnCtwnJThd207wooPg=
904,77,mAHcNk4DQsto2DLOir6Ky7th/H8=,b2L9+tKTwgnCtwnJThd207wooPg=
903,70,mAHcNk4DQsto2DLOir6Ky7th/H8=,b2L9+tKTwgnCtwnJThd207wooPg=
903,77,mAHcNk4DQsto2DLOir6Ky7th/H8=,b2L9+tKTwgnCtwnJThd207wooPg=
904,70,mAHcNk4DQsto2DLOir6Ky7th/H8=,b2L9+tKTwgnCtwnJThd207wooPg=
902,77,mAHcNk4DQsto2DLOir6Ky7th/H8=,b2L9+tKTwgnCtwnJThd207wooPg=
905,70,mAHcNk4DQsto2DLOir6Ky7th/H8=,b2L9+tKTwgnCtwnJThd207wooPg=
901,77,mAHcNk4DQsto2DLOir6Ky7th/H8=,b2L9+tKTwgnCtwnJThd207wooPg=
906,70,mAHcNk4DQsto2DLOir6Ky7th/H8=,b2L9+tKTwgnCtwnJThd207wooPg=
900,77,mAHcNk4DQsto2DLOir6Ky7th/H8=,b2L9+tKTwgnCtwnJThd207wooPg=
907,70,mAHcNk4DQsto2DLOir6Ky7th/H8=,b2L9+tKTwgnCtwnJThd207wooPg=
899,77,mAHcNk4DQsto2DLOir6Ky7th/H8=,b2L9+tKTwgnCtwnJThd207wooPg=
908,70,mAHcNk4DQsto2DLOir6Ky7th/H8=,b2L9+tKTwgnCtwnJThd207wooPg=
911,64,mAHcNk4DQsto2DLOir6Ky7th/H8=,b2L9+tKTwgnCtwnJThd207wooPg=
909,70,mAHcNk4DQsto2DLOir6Ky7th/H8=,b2L9+tKTwgnCtwnJThd207wooPg=
898,77,mAHcNk4DQsto2DLOir6Ky7th/H8=,b2L9+tKTwgnCtwnJThd207wooPg=
910,70,mAHcNk4DQsto2DLOir6Ky7th/H8=,b2L9+tKTwgnCtwnJThd207wooPg=
897,77,mAHcNk4DQsto2DLOir6Ky7th/H8=,b2L9+tKTwgnCtwnJThd207wooPg=
911,70,mAHcNk4DQsto2DLOir6Ky7th/H8=,b2L9+tKTwgnCtwnJThd207wooPg=
897,64,mAHcNk4DQsto2DLOir6Ky7th/H8=,b2L9+tKTwgnCtwnJThd207wooPg=
896,71,mAHcNk4DQsto2DLOir6Ky7th/H8=,b2L9+tKTwgnCtwnJThd207wooPg=
896,77,mAHcNk4DQsto2DLOir6Ky7th/H8=,b2L9+tKTwgnCtwnJThd207wooPg=
897,71,mAHcNk4DQsto2DLOir6Ky7th/H8=,b2L9+tKTwgnCtwnJThd207wooPg=
898,71,mAHcNk4DQsto2DLOir6Ky7th/H8=,b2L9+tKTwgnCtwnJThd207wooPg=
896,64,mAHcNk4DQsto2DLOir6Ky7th/H8=,b2L9+tKTwgnCtwnJThd207wooPg=
911,76,mAHcNk4DQsto2DLOir6Ky7th/H8=,b2L9+tKTwgnCtwnJThd207wooPg=
899,71,mAHcNk4DQsto2DLOir6Ky7th/H8=,b2L9+tKTwgnCtwnJThd207wooPg=
900,71,mAHcNk4DQsto2DLOir6Ky7th/H8=,b2L9+tKTwgnCtwnJThd207wooPg=
910,76,mAHcNk4DQsto2DLOir6Ky7th/H8=,b2L9+tKTwgnCtwnJThd207wooPg=
909,76,mAHcNk4DQsto2DLOir6Ky7th/H8=,b2L9+tKTwgnCtwnJThd207wooPg=
901,71,mAHcNk4DQsto2DLOir6Ky7th/H8=,b2L9+tKTwgnCtwnJThd207wooPg=
902,71,mAHcNk4DQsto2DLOir6Ky7th/H8=,b2L9+tKTwgnCtwnJThd207wooPg=
910,64,mAHcNk4DQsto2DLOir6Ky7th/H8=,b2L9+tKTwgnCtwnJThd207wooPg=
903,71,mAHcNk4DQsto2DLOir6Ky7th/H8=,b2L9+tKTwgnCtwnJThd207wooPg=
906,66,mAHcNk4DQsto2DLOir6Ky7th/H8=,b2L9+tKTwgnCtwnJThd207wooPg=
901,66,mAHcNk4DQsto2DLOir6Ky7th/H8=,b2L9+tKTwgnCtwnJThd207wooPg=
908,76,mAHcNk4DQsto2DLOir6Ky7th/H8=,b2L9+tKTwgnCtwnJThd207wooPg=
905,64,mAHcNk4DQsto2DLOir6Ky7th/H8=,b2L9+tKTwgnCtwnJThd207wooPg=
907,76,mAHcNk4DQsto2DLOir6Ky7th/H8=,b2L9+tKTwgnCtwnJThd207wooPg=
904,71,mAHcNk4DQsto2DLOir6Ky7th/H8=,b2L9+tKTwgnCtwnJThd207wooPg=
906,76,mAHcNk4DQsto2DLOir6Ky7th/H8=,b2L9+tKTwgnCtwnJThd207wooPg=
905,71,mAHcNk4DQsto2DLOir6Ky7th/H8=,b2L9+tKTwgnCtwnJThd207wooPg=
905,76,mAHcNk4DQsto2DLOir6Ky7th/H8=,b2L9+tKTwgnCtwnJThd207wooPg=
906,71,mAHcNk4DQsto2DLOir6Ky7th/H8=,b2L9+tKTwgnCtwnJThd207wooPg=
904,76,mAHcNk4DQsto2DLOir6Ky7th/H8=,b2L9+tKTwgnCtwnJThd207wooPg=
907,71,mAHcNk4DQsto2DLOir6Ky7th/H8=,b2L9+tKTwgnCtwnJThd207wooPg=
908,71,mAHcNk4DQsto2DLOir6Ky7th/H8=,b2L9+tKTwgnCtwnJThd207wooPg=
903,76,mAHcNk4DQsto2DLOir6Ky7th/H8=,b2L9+tKTwgnCtwnJThd207wooPg=
909,71,mAHcNk4DQsto2DLOir6Ky7th/H8=,b2L9+tKTwgnCtwnJThd207wooPg=
902,76,mAHcNk4DQsto2DLOir6Ky7th/H8=,b2L9+tKTwgnCtwnJThd207wooPg=
901,76,mAHcNk4DQsto2DLOir6Ky7th/H8=,b2L9+tKTwgnCtwnJThd207wooPg=
910,71,mAHcNk4DQsto2DLOir6Ky7th/H8=,b2L9+tKTwgnCtwnJThd207wooPg=
911,71,mAHcNk4DQsto2DLOir6Ky7th/H8=,b2L9+tKTwgnCtwnJThd207wooPg=
900,76,mAHcNk4DQsto2DLOir6Ky7th/H8=,b2L9+tKTwgnCtwnJThd207wooPg=
896,72,mAHcNk4DQsto2DLOir6Ky7th/H8=,b2L9+tKTwgnCtwnJThd207wooPg=
899,76,mAHcNk4DQsto2DLOir6Ky7th/H8=,b2L9+tKTwgnCtwnJThd207wooPg=
898,76,mAHcNk4DQsto2DLOir6Ky7th/H8=,b2L9+tKTwgnCtwnJThd207wooPg=
897,72,mAHcNk4DQsto2DLOir6Ky7th/H8=,b2L9+tKTwgnCtwnJThd207wooPg=
898,72,mAHcNk4DQsto2DLOir6Ky7th/H8=,b2L9+tKTwgnCtwnJThd207wooPg=
897,76,mAHcNk4DQsto2DLOir6Ky7th/H8=,b2L9+tKTwgnCtwnJThd207wooPg=
899,72,mAHcNk4DQsto2DLOir6Ky7th/H8=,b2L9+tKTwgnCtwnJThd207wooPg=
896,76,mAHcNk4DQsto2DLOir6Ky7th/H8=,b2L9+tKTwgnCtwnJThd207wooPg=
900,72,mAHcNk4DQsto2DLOir6Ky7th/H8=,b2L9+tKTwgnCtwnJThd207wooPg=
911,75,mAHcNk4DQsto2DLOir6Ky7th/H8=,b2L9+tKTwgnCtwnJThd207wooPg=
901,72,mAHcNk4DQsto2DLOir6Ky7th/H8=,b2L9+tKTwgnCtwnJThd207wooPg=
910,75,mAHcNk4DQsto2DLOir6Ky7th/H8=,b2L9+tKTwgnCtwnJThd207wooPg=
902,72,mAHcNk4DQsto2DLOir6Ky7th/H8=,b2L9+tKTwgnCtwnJThd207wooPg=
909,75,mAHcNk4DQsto2DLOir6Ky7th/H8=,b2L9+tKTwgnCtwnJThd207wooPg=
903,72,mAHcNk4DQsto2DLOir6Ky7th/H8=,b2L9+tKTwgnCtwnJThd207wooPg=
908,75,mAHcNk4DQsto2DLOir6Ky7th/H8=,b2L9+tKTwgnCtwnJThd207wooPg=
909,64,mAHcNk4DQsto2DLOir6Ky7th/H8=,b2L9+tKTwgnCtwnJThd207wooPg=
904,72,mAHcNk4DQsto2DLOir6Ky7th/H8=,b2L9+tKTwgnCtwnJThd207wooPg=
905,66,mAHcNk4DQsto2DLOir6Ky7th/H8=,b2L9+tKTwgnCtwnJThd207wooPg=
902,66,mAHcNk4DQsto2DLOir6Ky7th/H8=,b2L9+tKTwgnCtwnJThd207wooPg=
907,75,mAHcNk4DQsto2DLOir6Ky7th/H8=,b2L9+tKTwgnCtwnJThd207wooPg=
906,64,mAHcNk4DQsto2DLOir6Ky7th/H8=,b2L9+tKTwgnCtwnJThd207wooPg=
906,75,mAHcNk4DQsto2DLOir6Ky7th/H8=,b2L9+tKTwgnCtwnJThd207wooPg=
905,72,mAHcNk4DQsto2DLOir6Ky7th/H8=,b2L9+tKTwgnCtwnJThd207wooPg=
906,72,mAHcNk4DQsto2DLOir6Ky7th/H8=,b2L9+tKTwgnCtwnJThd207wooPg=
905,75,mAHcNk4DQsto2DLOir6Ky7th/H8=,b2L9+tKTwgnCtwnJThd207wooPg=
907,72,mAHcNk4DQsto2DLOir6Ky7th/H8=,b2L9+tKTwgnCtwnJThd207wooPg=
904,75,mAHcNk4DQsto2DLOir6Ky7th/H8=,b2L9+tKTwgnCtwnJThd207wooPg=
908,72,mAHcNk4DQsto2DLOir6Ky7th/H8=,b2L9+tKTwgnCtwnJThd207wooPg=
903,75,mAHcNk4DQsto2DLOir6Ky7th/H8=,b2L9+tKTwgnCtwnJThd207wooPg=
909,72,mAHcNk4DQsto2DLOir6Ky7th/H8=,b2L9+tKTwgnCtwnJThd207wooPg=
902,75,mAHcNk4DQsto2DLOir6Ky7th/H8=,b2L9+tKTwgnCtwnJThd207wooPg=
910,72,mAHcNk4DQsto2DLOir6Ky7th/H8=,b2L9+tKTwgnCtwnJThd207wooPg=
901,75,mAHcNk4DQsto2DLOir6Ky7th/H8=,b2L9+tKTwgnCtwnJThd207wooPg=
911,72,mAHcNk4DQsto2DLOir6Ky7th/H8=,b2L9+tKTwgnCtwnJThd207wooPg=
900,75,mAHcNk4DQsto2DLOir6Ky7th/H8=,b2L9+tKTwgnCtwnJThd207wooPg=
896,73,mAHcNk4DQsto2DLOir6Ky7th/H8=,b2L9+tKTwgnCtwnJThd207wooPg=
899,75,mAHcNk4DQsto2DLOir6Ky7th/H8=,b2L9+tKTwgnCtwnJThd207wooPg=
897,73,mAHcNk4DQsto2DLOir6Ky7th/H8=,b2L9+tKTwgnCtwnJThd207wooPg=
898,73,mAHcNk4DQsto2DLOir6Ky7th/H8=,b2L9+tKTwgnCtwnJThd207wooPg=
898,75,mAHcNk4DQsto2DLOir6Ky7th/H8=,b2L9+tKTwgnCtwnJThd207wooPg=
897,75,mAHcNk4DQsto2DLOir6Ky7th/H8=,b2L9+tKTwgnCtwnJThd207wooPg=
899,73,mAHcNk4DQsto2DLOir6Ky7th/H8=,b2L9+tKTwgnCtwnJThd207wooPg=
896,75,mAHcNk4DQsto2DLOir6Ky7th/H8=,b2L9+tKTwgnCtwnJThd207wooPg=
900,73,mAHcNk4DQsto2DLOir6Ky7th/H8=,b2L9+tKTwgnCtwnJThd207wooPg=
901,73,mAHcNk4DQsto2DLOir6Ky7th/H8=,b2L9+tKTwgnCtwnJThd207wooPg=
911,74,mAHcNk4DQsto2DLOir6Ky7th/H8=,b2L9+tKTwgnCtwnJThd207wooPg=
902,73,mAHcNk4DQsto2DLOir6Ky7th/H8=,b2L9+tKTwgnCtwnJThd207wooPg=
910,74,mAHcNk4DQsto2DLOir6Ky7th/H8=,b2L9+tKTwgnCtwnJThd207wooPg=
909,74,mAHcNk4DQsto2DLOir6Ky7th/H8=,b2L9+tKTwgnCtwnJThd207wooPg=
903,73,mAHcNk4DQsto2DLOir6Ky7th/H8=,b2L9+tKTwgnCtwnJThd207wooPg=
904,73,mAHcNk4DQsto2DLOir6Ky7th/H8=,b2L9+tKTwgnCtwnJThd207wooPg=
908,74,mAHcNk4DQsto2DLOir6Ky7th/H8=,b2L9+tKTwgnCtwnJThd207wooPg=
905,73,mAHcNk4DQsto2DLOir6Ky7th/H8=,b2L9+tKTwgnCtwnJThd207wooPg=
907,74,mAHcNk4DQsto2DLOir6Ky7th/H8=,b2L9+tKTwgnCtwnJThd207wooPg=
903,66,mAHcNk4DQsto2DLOir6Ky7th/H8=,b2L9+tKTwgnCtwnJThd207wooPg=
908,64,mAHcNk4DQsto2DLOir6Ky7th/H8=,b2L9+tKTwgnCtwnJThd207wooPg=
907,64,mAHcNk4DQsto2DLOir6Ky7th/H8=,b2L9+tKTwgnCtwnJThd207wooPg=
906,73,mAHcNk4DQsto2DLOir6Ky7th/H8=,b2L9+tKTwgnCtwnJThd207wooPg=
904,66,mAHcNk4DQsto2DLOir6Ky7th/H8=,b2L9+tKTwgnCtwnJThd207wooPg=
907,73,mAHcNk4DQsto2DLOir6Ky7th/H8=,b2L9+tKTwgnCtwnJThd207wooPg=
906,74,mAHcNk4DQsto2DLOir6Ky7th/H8=,b2L9+tKTwgnCtwnJThd207wooPg=
908,73,mAHcNk4DQsto2DLOir6Ky7th/H8=,b2L9+tKTwgnCtwnJThd207wooPg=
905,74,mAHcNk4DQsto2DLOir6Ky7th/H8=,b2L9+tKTwgnCtwnJThd207wooPg=
909,73,mAHcNk4DQsto2DLOir6Ky7th/H8=,b2L9+tKTwgnCtwnJThd207wooPg=
904,74,mAHcNk4DQsto2DLOir6Ky7th/H8=,b2L9+tKTwgnCtwnJThd207wooPg=
910,73,mAHcNk4DQsto2DLOir6Ky7th/H8=,b2L9+tKTwgnCtwnJThd207wooPg=
903,74,mAHcNk4DQsto2DLOir6Ky7th/H8=,b2L9+tKTwgnCtwnJThd207wooPg=
911,73,mAHcNk4DQsto2DLOir6Ky7th/H8=,b2L9+tKTwgnCtwnJThd207wooPg=
902,74,mAHcNk4DQsto2DLOir6Ky7th/H8=,b2L9+tKTwgnCtwnJThd207wooPg=
896,74,mAHcNk4DQsto2DLOir6Ky7th/H8=,b2L9+tKTwgnCtwnJThd207wooPg=
901,74,mAHcNk4DQsto2DLOir6Ky7th/H8=,b2L9+tKTwgnCtwnJThd207wooPg=
897,74,mAHcNk4DQsto2DLOir6Ky7th/H8=,b2L9+tKTwgnCtwnJThd207wooPg=
900,74,mAHcNk4DQsto2DLOir6Ky7th/H8=,b2L9+tKTwgnCtwnJThd207wooPg=
898,74,mAHcNk4DQsto2DLOir6Ky7th/H8=,b2L9+tKTwgnCtwnJThd207wooPg=
899,74,mAHcNk4DQsto2DLOir6Ky7th/H8=,b2L9+tKTwgnCtwnJThd207wooPg=
911,81,mAHcNk4DQsto2DLOir6Ky7th/H8=,MpNhI6umKDSjpQxsvgqRy15gn2g=
909,82,mAHcNk4DQsto2DLOir6Ky7th/H8=,MpNhI6umKDSjpQxsvgqRy15gn2g=
899,80,mAHcNk4DQsto2DLOir6Ky7th/H8=,MpNhI6umKDSjpQxsvgqRy15gn2g=
907,82,mAHcNk4DQsto2DLOir6Ky7th/H8=,MpNhI6umKDSjpQxsvgqRy15gn2g=
906,82,mAHcNk4DQsto2DLOir6Ky7th/H8=,MpNhI6umKDSjpQxsvgqRy15gn2g=
902,82,mAHcNk4DQsto2DLOir6Ky7th/H8=,MpNhI6umKDSjpQxsvgqRy15gn2g=
903,82,mAHcNk4DQsto2DLOir6Ky7th/H8=,MpNhI6umKDSjpQxsvgqRy15gn2g=
901,82,mAHcNk4DQsto2DLOir6Ky7th/H8=,MpNhI6umKDSjpQxsvgqRy15gn2g=
900,82,mAHcNk4DQsto2DLOir6Ky7th/H8=,MpNhI6umKDSjpQxsvgqRy15gn2g=
899,82,mAHcNk4DQsto2DLOir6Ky7th/H8=,MpNhI6umKDSjpQxsvgqRy15gn2g=
898,82,mAHcNk4DQsto2DLOir6Ky7th/H8=,MpNhI6umKDSjpQxsvgqRy15gn2g=
897,82,mAHcNk4DQsto2DLOir6Ky7th/H8=,MpNhI6umKDSjpQxsvgqRy15gn2g=
907,83,mAHcNk4DQsto2DLOir6Ky7th/H8=,MpNhI6umKDSjpQxsvgqRy15gn2g=
910,95,mAHcNk4DQsto2DLOir6Ky7th/H8=,MpNhI6umKDSjpQxsvgqRy15gn2g=
911,95,mAHcNk4DQsto2DLOir6Ky7th/H8=,MpNhI6umKDSjpQxsvgqRy15gn2g=
906,83,mAHcNk4DQsto2DLOir6Ky7th/H8=,MpNhI6umKDSjpQxsvgqRy15gn2g=
898,80,mAHcNk4DQsto2DLOir6Ky7th/H8=,MpNhI6umKDSjpQxsvgqRy15gn2g=
909,95,mAHcNk4DQsto2DLOir6Ky7th/H8=,MpNhI6umKDSjpQxsvgqRy15gn2g=
896,82,mAHcNk4DQsto2DLOir6Ky7th/H8=,MpNhI6umKDSjpQxsvgqRy15gn2g=
908,95,mAHcNk4DQsto2DLOir6Ky7th/H8=,MpNhI6umKDSjpQxsvgqRy15gn2g=
907,95,mAHcNk4DQsto2DLOir6Ky7th/H8=,MpNhI6umKDSjpQxsvgqRy15gn2g=
906,95,mAHcNk4DQsto2DLOir6Ky7th/H8=,MpNhI6umKDSjpQxsvgqRy15gn2g=
905,95,mAHcNk4DQsto2DLOir6Ky7th/H8=,MpNhI6umKDSjpQxsvgqRy15gn2g=
904,95,mAHcNk4DQsto2DLOir6Ky7th/H8=,MpNhI6umKDSjpQxsvgqRy15gn2g=
903,95,mAHcNk4DQsto2DLOir6Ky7th/H8=,MpNhI6umKDSjpQxsvgqRy15gn2g=
905,82,mAHcNk4DQsto2DLOir6Ky7th/H8=,MpNhI6umKDSjpQxsvgqRy15gn2g=
902,95,mAHcNk4DQsto2DLOir6Ky7th/H8=,MpNhI6umKDSjpQxsvgqRy15gn2g=
904,82,mAHcNk4DQsto2DLOir6Ky7th/H8=,MpNhI6umKDSjpQxsvgqRy15gn2g=
901,95,mAHcNk4DQsto2DLOir6Ky7th/H8=,MpNhI6umKDSjpQxsvgqRy15gn2g=
899,95,mAHcNk4DQsto2DLOir6Ky7th/H8=,MpNhI6umKDSjpQxsvgqRy15gn2g=
898,95,mAHcNk4DQsto2DLOir6Ky7th/H8=,MpNhI6umKDSjpQxsvgqRy15gn2g=
900,95,mAHcNk4DQsto2DLOir6Ky7th/H8=,MpNhI6umKDSjpQxsvgqRy15gn2g=
897,95,mAHcNk4DQsto2DLOir6Ky7th/H8=,MpNhI6umKDSjpQxsvgqRy15gn2g=
896,95,mAHcNk4DQsto2DLOir6Ky7th/H8=,MpNhI6umKDSjpQxsvgqRy15gn2g=
910,81,mAHcNk4DQsto2DLOir6Ky7th/H8=,MpNhI6umKDSjpQxsvgqRy15gn2g=
911,94,mAHcNk4DQsto2DLOir6Ky7th/H8=,MpNhI6umKDSjpQxsvgqRy15gn2g=
910,94,mAHcNk4DQsto2DLOir6Ky7th/H8=,MpNhI6umKDSjpQxsvgqRy15gn2g=
909,94,mAHcNk4DQsto2DLOir6Ky7th/H8=,MpNhI6umKDSjpQxsvgqRy15gn2g=
908,94,mAHcNk4DQsto2DLOir6Ky7th/H8=,MpNhI6umKDSjpQxsvgqRy15gn2g=
906,94,mAHcNk4DQsto2DLOir6Ky7th/H8=,MpNhI6umKDSjpQxsvgqRy15gn2g=
907,94,mAHcNk4DQsto2DLOir6Ky7th/H8=,MpNhI6umKDSjpQxsvgqRy15gn2g=
905,94,mAHcNk4DQsto2DLOir6Ky7th/H8=,MpNhI6umKDSjpQxsvgqRy15gn2g=
904,94,mAHcNk4DQsto2DLOir6Ky7th/H8=,MpNhI6umKDSjpQxsvgqRy15gn2g=
903,94,mAHcNk4DQsto2DLOir6Ky7th/H8=,MpNhI6umKDSjpQxsvgqRy15gn2g=
902,94,mAHcNk4DQsto2DLOir6Ky7th/H8=,MpNhI6umKDSjpQxsvgqRy15gn2g=
901,94,mAHcNk4DQsto2DLOir6Ky7th/H8=,MpNhI6umKDSjpQxsvgqRy15gn2g=
900,94,mAHcNk4DQsto2DLOir6Ky7th/H8=,MpNhI6umKDSjpQxsvgqRy15gn2g=
908,82,mAHcNk4DQsto2DLOir6Ky7th/H8=,MpNhI6umKDSjpQxsvgqRy15gn2g=
899,94,mAHcNk4DQsto2DLOir6Ky7th/H8=,MpNhI6umKDSjpQxsvgqRy15gn2g=
898,94,mAHcNk4DQsto2DLOir6Ky7th/H8=,MpNhI6umKDSjpQxsvgqRy15gn2g=
905,83,mAHcNk4DQsto2DLOir6Ky7th/H8=,MpNhI6umKDSjpQxsvgqRy15gn2g=
897,81,mAHcNk4DQsto2DLOir6Ky7th/H8=,MpNhI6umKDSjpQxsvgqRy15gn2g=
897,94,mAHcNk4DQsto2DLOir6Ky7th/H8=,MpNhI6umKDSjpQxsvgqRy15gn2g=
896,94,mAHcNk4DQsto2DLOir6Ky7th/H8=,MpNhI6umKDSjpQxsvgqRy15gn2g=
896,81,mAHcNk4DQsto2DLOir6Ky7th/H8=,MpNhI6umKDSjpQxsvgqRy15gn2g=
911,93,mAHcNk4DQsto2DLOir6Ky7th/H8=,MpNhI6umKDSjpQxsvgqRy15gn2g=
910,93,mAHcNk4DQsto2DLOir6Ky7th/H8=,MpNhI6umKDSjpQxsvgqRy15gn2g=
909,93,mAHcNk4DQsto2DLOir6Ky7th/H8=,MpNhI6umKDSjpQxsvgqRy15gn2g=
908,93,mAHcNk4DQsto2DLOir6Ky7th/H8=,MpNhI6umKDSjpQxsvgqRy15gn2g=
907,93,mAHcNk4DQsto2DLOir6Ky7th/H8=,MpNhI6umKDSjpQxsvgqRy15gn2g=
906,93,mAHcNk4DQsto2DLOir6Ky7th/H8=,MpNhI6umKDSjpQxsvgqRy15gn2g=
904,93,mAHcNk4DQsto2DLOir6Ky7th/H8=,MpNhI6umKDSjpQxsvgqRy15gn2g=
903,93,mAHcNk4DQsto2DLOir6Ky7th/H8=,MpNhI6umKDSjpQxsvgqRy15gn2g=
905,93,mAHcNk4DQsto2DLOir6Ky7th/H8=,MpNhI6umKDSjpQxsvgqRy15gn2g=
902,93,mAHcNk4DQsto2DLOir6Ky7th/H8=,MpNhI6umKDSjpQxsvgqRy15gn2g=
901,93,mAHcNk4DQsto2DLOir6Ky7th/H8=,MpNhI6umKDSjpQxsvgqRy15gn2g=
897,80,mAHcNk4DQsto2DLOir6Ky7th/H8=,MpNhI6umKDSjpQxsvgqRy15gn2g=
900,93,mAHcNk4DQsto2DLOir6Ky7th/H8=,MpNhI6umKDSjpQxsvgqRy15gn2g=
899,93,mAHcNk4DQsto2DLOir6Ky7th/H8=,MpNhI6umKDSjpQxsvgqRy15gn2g=
911,80,mAHcNk4DQsto2DLOir6Ky7th/H8=,MpNhI6umKDSjpQxsvgqRy15gn2g=
909,81,mAHcNk4DQsto2DLOir6Ky7th/H8=,MpNhI6umKDSjpQxsvgqRy15gn2g=
896,80,mAHcNk4DQsto2DLOir6Ky7th/H8=,MpNhI6umKDSjpQxsvgqRy15gn2g=
904,83,mAHcNk4DQsto2DLOir6Ky7th/H8=,MpNhI6umKDSjpQxsvgqRy15gn2g=
898,93,mAHcNk4DQsto2DLOir6Ky7th/H8=,MpNhI6umKDSjpQxsvgqRy15gn2g=
897,93,mAHcNk4DQsto2DLOir6Ky7th/H8=,MpNhI6umKDSjpQxsvgqRy15gn2g=
908,81,mAHcNk4DQsto2DLOir6Ky7th/H8=,MpNhI6umKDSjpQxsvgqRy15gn2g=
910,92,mAHcNk4DQsto2DLOir6Ky7th/H8=,MpNhI6umKDSjpQxsvgqRy15gn2g=
896,93,mAHcNk4DQsto2DLOir6Ky7th/H8=,MpNhI6umKDSjpQxsvgqRy15gn2g=
911,92,mAHcNk4DQsto2DLOir6Ky7th/H8=,MpNhI6umKDSjpQxsvgqRy15gn2g=
909,92,mAHcNk4DQsto2DLOir6Ky7th/H8=,MpNhI6umKDSjpQxsvgqRy15gn2g=
908,92,mAHcNk4DQsto2DLOir6Ky7th/H8=,MpNhI6umKDSjpQxsvgqRy15gn2g=
907,92,mAHcNk4DQsto2DLOir6Ky7th/H8=,MpNhI6umKDSjpQxsvgqRy15gn2g=
906,92,mAHcNk4DQsto2DLOir6Ky7th/H8=,MpNhI6umKDSjpQxsvgqRy15gn2g=
905,92,mAHcNk4DQsto2DLOir6Ky7th/H8=,MpNhI6umKDSjpQxsvgqRy15gn2g=
904,92,mAHcNk4DQsto2DLOir6Ky7th/H8=,MpNhI6umKDSjpQxsvgqRy15gn2g=
903,92,mAHcNk4DQsto2DLOir6Ky7th/H8=,MpNhI6umKDSjpQxsvgqRy15gn2g=
902,92,mAHcNk4DQsto2DLOir6Ky7th/H8=,MpNhI6umKDSjpQxsvgqRy15gn2g=
900,92,mAHcNk4DQsto2DLOir6Ky7th/H8=,MpNhI6umKDSjpQxsvgqRy15gn2g=
901,92,mAHcNk4DQsto2DLOir6Ky7th/H8=,MpNhI6umKDSjpQxsvgqRy15gn2g=
910,80,mAHcNk4DQsto2DLOir6Ky7th/H8=,MpNhI6umKDSjpQxsvgqRy15gn2g=
903,83,mAHcNk4DQsto2DLOir6Ky7th/H8=,MpNhI6umKDSjpQxsvgqRy15gn2g=
899,92,mAHcNk4DQsto2DLOir6Ky7th/H8=,MpNhI6umKDSjpQxsvgqRy15gn2g=
898,92,mAHcNk4DQsto2DLOir6Ky7th/H8=,MpNhI6umKDSjpQxsvgqRy15gn2g=
897,92,mAHcNk4DQsto2DLOir6Ky7th/H8=,MpNhI6umKDSjpQxsvgqRy15gn2g=
907,81,mAHcNk4DQsto2DLOir6Ky7th/H8=,MpNhI6umKDSjpQxsvgqRy15gn2g=
896,92,mAHcNk4DQsto2DLOir6Ky7th/H8=,MpNhI6umKDSjpQxsvgqRy15gn2g=
911,91,mAHcNk4DQsto2DLOir6Ky7th/H8=,MpNhI6umKDSjpQxsvgqRy15gn2g=
910,91,mAHcNk4DQsto2DLOir6Ky7th/H8=,MpNhI6umKDSjpQxsvgqRy15gn2g=
909,91,mAHcNk4DQsto2DLOir6Ky7th/H8=,MpNhI6umKDSjpQxsvgqRy15gn2g=
908,91,mAHcNk4DQsto2DLOir6Ky7th/H8=,MpNhI6umKDSjpQxsvgqRy15gn2g=
907,91,mAHcNk4DQsto2DLOir6Ky7th/H8=,MpNhI6umKDSjpQxsvgqRy15gn2g=
908,83,mAHcNk4DQsto2DLOir6Ky7th/H8=,MpNhI6umKDSjpQxsvgqRy15gn2g=
906,91,mAHcNk4DQsto2DLOir6Ky7th/H8=,MpNhI6umKDSjpQxsvgqRy15gn2g=
905,91,mAHcNk4DQsto2DLOir6Ky7th/H8=,MpNhI6umKDSjpQxsvgqRy15gn2g=
904,91,mAHcNk4DQsto2DLOir6Ky7th/H8=,MpNhI6umKDSjpQxsvgqRy15gn2g=
910,82,mAHcNk4DQsto2DLOir6Ky7th/H8=,MpNhI6umKDSjpQxsvgqRy15gn2g=
903,91,mAHcNk4DQsto2DLOir6Ky7th/H8=,MpNhI6umKDSjpQxsvgqRy15gn2g=
902,91,mAHcNk4DQsto2DLOir6Ky7th/H8=,MpNhI6umKDSjpQxsvgqRy15gn2g=
901,91,mAHcNk4DQsto2DLOir6Ky7th/H8=,MpNhI6umKDSjpQxsvgqRy15gn2g=
900,80,mAHcNk4DQsto2DLOir6Ky7th/H8=,MpNhI6umKDSjpQxsvgqRy15gn2g=
909,80,mAHcNk4DQsto2DLOir6Ky7th/H8=,MpNhI6umKDSjpQxsvgqRy15gn2g=
902,83,mAHcNk4DQsto2DLOir6Ky7th/H8=,MpNhI6umKDSjpQxsvgqRy15gn2g=
909,83,mAHcNk4DQsto2DLOir6Ky7th/H8=,MpNhI6umKDSjpQxsvgqRy15gn2g=
900,91,mAHcNk4DQsto2DLOir6Ky7th/H8=,MpNhI6umKDSjpQxsvgqRy15gn2g=
910,83,mAHcNk4DQsto2DLOir6Ky7th/H8=,MpNhI6umKDSjpQxsvgqRy15gn2g=
899,91,mAHcNk4DQsto2DLOir6Ky7th/H8=,MpNhI6umKDSjpQxsvgqRy15gn2g=
897,91,mAHcNk4DQsto2DLOir6Ky7th/H8=,MpNhI6umKDSjpQxsvgqRy15gn2g=
898,91,mAHcNk4DQsto2DLOir6Ky7th/H8=,MpNhI6umKDSjpQxsvgqRy15gn2g=
911,83,mAHcNk4DQsto2DLOir6Ky7th/H8=,MpNhI6umKDSjpQxsvgqRy15gn2g=
906,81,mAHcNk4DQsto2DLOir6Ky7th/H8=,MpNhI6umKDSjpQxsvgqRy15gn2g=
901,80,mAHcNk4DQsto2DLOir6Ky7th/H8=,MpNhI6umKDSjpQxsvgqRy15gn2g=
896,91,mAHcNk4DQsto2DLOir6Ky7th/H8=,MpNhI6umKDSjpQxsvgqRy15gn2g=
911,90,mAHcNk4DQsto2DLOir6Ky7th/H8=,MpNhI6umKDSjpQxsvgqRy15gn2g=
896,84,mAHcNk4DQsto2DLOir6Ky7th/H8=,MpNhI6umKDSjpQxsvgqRy15gn2g=
910,90,mAHcNk4DQsto2DLOir6Ky7th/H8=,MpNhI6umKDSjpQxsvgqRy15gn2g=
909,90,mAHcNk4DQsto2DLOir6Ky7th/H8=,MpNhI6umKDSjpQxsvgqRy15gn2g=
898,81,mAHcNk4DQsto2DLOir6Ky7th/H8=,MpNhI6umKDSjpQxsvgqRy15gn2g=
908,90,mAHcNk4DQsto2DLOir6Ky7th/H8=,MpNhI6umKDSjpQxsvgqRy15gn2g=
907,90,mAHcNk4DQsto2DLOir6Ky7th/H8=,MpNhI6umKDSjpQxsvgqRy15gn2g=
897,84,mAHcNk4DQsto2DLOir6Ky7th/H8=,MpNhI6umKDSjpQxsvgqRy15gn2g=
905,90,mAHcNk4DQsto2DLOir6Ky7th/H8=,MpNhI6umKDSjpQxsvgqRy15gn2g=
898,84,mAHcNk4DQsto2DLOir6Ky7th/H8=,MpNhI6umKDSjpQxsvgqRy15gn2g=
904,90,mAHcNk4DQsto2DLOir6Ky7th/H8=,MpNhI6umKDSjpQxsvgqRy15gn2g=
899,84,mAHcNk4DQsto2DLOir6Ky7th/H8=,MpNhI6umKDSjpQxsvgqRy15gn2g=
902,90,mAHcNk4DQsto2DLOir6Ky7th/H8=,MpNhI6umKDSjpQxsvgqRy15gn2g=
903,90,mAHcNk4DQsto2DLOir6Ky7th/H8=,MpNhI6umKDSjpQxsvgqRy15gn2g=
900,84,mAHcNk4DQsto2DLOir6Ky7th/H8=,MpNhI6umKDSjpQxsvgqRy15gn2g=
901,83,mAHcNk4DQsto2DLOir6Ky7th/H8=,MpNhI6umKDSjpQxsvgqRy15gn2g=
901,84,mAHcNk4DQsto2DLOir6Ky7th/H8=,MpNhI6umKDSjpQxsvgqRy15gn2g=
908,80,mAHcNk4DQsto2DLOir6Ky7th/H8=,MpNhI6umKDSjpQxsvgqRy15gn2g=
901,90,mAHcNk4DQsto2DLOir6Ky7th/H8=,MpNhI6umKDSjpQxsvgqRy15gn2g=
902,84,mAHcNk4DQsto2DLOir6Ky7th/H8=,MpNhI6umKDSjpQxsvgqRy15gn2g=
900,90,mAHcNk4DQsto2DLOir6Ky7th/H8=,MpNhI6umKDSjpQxsvgqRy15gn2g=
899,90,mAHcNk4DQsto2DLOir6Ky7th/H8=,MpNhI6umKDSjpQxsvgqRy15gn2g=
903,84,mAHcNk4DQsto2DLOir6Ky7th/H8=,MpNhI6umKDSjpQxsvgqRy15gn2g=
898,90,mAHcNk4DQsto2DLOir6Ky7th/H8=,MpNhI6umKDSjpQxsvgqRy15gn2g=
897,90,mAHcNk4DQsto2DLOir6Ky7th/H8=,MpNhI6umKDSjpQxsvgqRy15gn2g=
906,90,mAHcNk4DQsto2DLOir6Ky7th/H8=,MpNhI6umKDSjpQxsvgqRy15gn2g=
904,84,mAHcNk4DQsto2DLOir6Ky7th/H8=,MpNhI6umKDSjpQxsvgqRy15gn2g=
905,81,mAHcNk4DQsto2DLOir6Ky7th/H8=,MpNhI6umKDSjpQxsvgqRy15gn2g=
905,84,mAHcNk4DQsto2DLOir6Ky7th/H8=,MpNhI6umKDSjpQxsvgqRy15gn2g=
896,90,mAHcNk4DQsto2DLOir6Ky7th/H8=,MpNhI6umKDSjpQxsvgqRy15gn2g=
911,89,mAHcNk4DQsto2DLOir6Ky7th/H8=,MpNhI6umKDSjpQxsvgqRy15gn2g=
906,84,mAHcNk4DQsto2DLOir6Ky7th/H8=,MpNhI6umKDSjpQxsvgqRy15gn2g=
910,89,mAHcNk4DQsto2DLOir6Ky7th/H8=,MpNhI6umKDSjpQxsvgqRy15gn2g=
909,89,mAHcNk4DQsto2DLOir6Ky7th/H8=,MpNhI6umKDSjpQxsvgqRy15gn2g=
911,82,mAHcNk4DQsto2DLOir6Ky7th/H8=,MpNhI6umKDSjpQxsvgqRy15gn2g=
908,89,mAHcNk4DQsto2DLOir6Ky7th/H8=,MpNhI6umKDSjpQxsvgqRy15gn2g=
907,89,mAHcNk4DQsto2DLOir6Ky7th/H8=,MpNhI6umKDSjpQxsvgqRy15gn2g=
907,84,mAHcNk4DQsto2DLOir6Ky7th/H8=,MpNhI6umKDSjpQxsvgqRy15gn2g=
905,89,mAHcNk4DQsto2DLOir6Ky7th/H8=,MpNhI6umKDSjpQxsvgqRy15gn2g=
906,89,mAHcNk4DQsto2DLOir6Ky7th/H8=,MpNhI6umKDSjpQxsvgqRy15gn2g=
902,80,mAHcNk4DQsto2DLOir6Ky7th/H8=,MpNhI6umKDSjpQxsvgqRy15gn2g=
904,89,mAHcNk4DQsto2DLOir6Ky7th/H8=,MpNhI6umKDSjpQxsvgqRy15gn2g=
908,84,mAHcNk4DQsto2DLOir6Ky7th/H8=,MpNhI6umKDSjpQxsvgqRy15gn2g=
903,89,mAHcNk4DQsto2DLOir6Ky7th/H8=,MpNhI6umKDSjpQxsvgqRy15gn2g=
907,80,mAHcNk4DQsto2DLOir6Ky7th/H8=,MpNhI6umKDSjpQxsvgqRy15gn2g=
909,84,mAHcNk4DQsto2DLOir6Ky7th/H8=,MpNhI6umKDSjpQxsvgqRy15gn2g=
900,83,mAHcNk4DQsto2DLOir6Ky7th/H8=,MpNhI6umKDSjpQxsvgqRy15gn2g=
910,84,mAHcNk4DQsto2DLOir6Ky7th/H8=,MpNhI6umKDSjpQxsvgqRy15gn2g=
902,89,mAHcNk4DQsto2DLOir6Ky7th/H8=,MpNhI6umKDSjpQxsvgqRy15gn2g=
901,89,mAHcNk4DQsto2DLOir6Ky7th/H8=,MpNhI6umKDSjpQxsvgqRy15gn2g=
911,84,mAHcNk4DQsto2DLOir6Ky7th/H8=,MpNhI6umKDSjpQxsvgqRy15gn2g=
900,89,mAHcNk4DQsto2DLOir6Ky7th/H8=,MpNhI6umKDSjpQxsvgqRy15gn2g=
899,89,mAHcNk4DQsto2DLOir6Ky7th/H8=,MpNhI6umKDSjpQxsvgqRy15gn2g=
896,85,mAHcNk4DQsto2DLOir6Ky7th/H8=,MpNhI6umKDSjpQxsvgqRy15gn2g=
898,89,mAHcNk4DQsto2DLOir6Ky7th/H8=,MpNhI6umKDSjpQxsvgqRy15gn2g=
897,89,mAHcNk4DQsto2DLOir6Ky7th/H8=,MpNhI6umKDSjpQxsvgqRy15gn2g=
899,81,mAHcNk4DQsto2DLOir6Ky7th/H8=,MpNhI6umKDSjpQxsvgqRy15gn2g=
904,81,mAHcNk4DQsto2DLOir6Ky7th/H8=,MpNhI6umKDSjpQxsvgqRy15gn2g=
897,85,mAHcNk4DQsto2DLOir6Ky7th/H8=,MpNhI6umKDSjpQxsvgqRy15gn2g=
911,88,mAHcNk4DQsto2DLOir6Ky7th/H8=,MpNhI6umKDSjpQxsvgqRy15gn2g=
896,89,mAHcNk4DQsto2DLOir6Ky7th/H8=,MpNhI6umKDSjpQxsvgqRy15gn2g=
898,85,mAHcNk4DQsto2DLOir6Ky7th/H8=,MpNhI6umKDSjpQxsvgqRy15gn2g=
910,88,mAHcNk4DQsto2DLOir6Ky7th/H8=,MpNhI6umKDSjpQxsvgqRy15gn2g=
909,88,mAHcNk4DQsto2DLOir6Ky7th/H8=,MpNhI6umKDSjpQxsvgqRy15gn2g=
899,85,mAHcNk4DQsto2DLOir6Ky7th/H8=,MpNhI6umKDSjpQxsvgqRy15gn2g=
908,88,mAHcNk4DQsto2DLOir6Ky7th/H8=,MpNhI6umKDSjpQxsvgqRy15gn2g=
900,85,mAHcNk4DQsto2DLOir6Ky7th/H8=,MpNhI6umKDSjpQxsvgqRy15gn2g=
907,88,mAHcNk4DQsto2DLOir6Ky7th/H8=,MpNhI6umKDSjpQxsvgqRy15gn2g=
906,88,mAHcNk4DQsto2DLOir6Ky7th/H8=,MpNhI6umKDSjpQxsvgqRy15gn2g=
905,88,mAHcNk4DQsto2DLOir6Ky7th/H8=,MpNhI6umKDSjpQxsvgqRy15gn2g=
901,85,mAHcNk4DQsto2DLOir6Ky7th/H8=,MpNhI6umKDSjpQxsvgqRy15gn2g=
904,88,mAHcNk4DQsto2DLOir6Ky7th/H8=,MpNhI6umKDSjpQxsvgqRy15gn2g=
906,80,mAHcNk4DQsto2DLOir6Ky7th/H8=,MpNhI6umKDSjpQxsvgqRy15gn2g=
902,85,mAHcNk4DQsto2DLOir6Ky7th/H8=,MpNhI6umKDSjpQxsvgqRy15gn2g=
899,83,mAHcNk4DQsto2DLOir6Ky7th/H8=,MpNhI6umKDSjpQxsvgqRy15gn2g=
903,85,mAHcNk4DQsto2DLOir6Ky7th/H8=,MpNhI6umKDSjpQxsvgqRy15gn2g=
903,88,mAHcNk4DQsto2DLOir6Ky7th/H8=,MpNhI6umKDSjpQxsvgqRy15gn2g=
902,88,mAHcNk4DQsto2DLOir6Ky7th/H8=,MpNhI6umKDSjpQxsvgqRy15gn2g=
904,85,mAHcNk4DQsto2DLOir6Ky7th/H8=,MpNhI6umKDSjpQxsvgqRy15gn2g=
901,88,mAHcNk4DQsto2DLOir6Ky7th/H8=,MpNhI6umKDSjpQxsvgqRy15gn2g=
900,88,mAHcNk4DQsto2DLOir6Ky7th/H8=,MpNhI6umKDSjpQxsvgqRy15gn2g=
905,85,mAHcNk4DQsto2DLOir6Ky7th/H8=,MpNhI6umKDSjpQxsvgqRy15gn2g=
899,88,mAHcNk4DQsto2DLOir6Ky7th/H8=,MpNhI6umKDSjpQxsvgqRy15gn2g=
906,85,mAHcNk4DQsto2DLOir6Ky7th/H8=,MpNhI6umKDSjpQxsvgqRy15gn2g=
898,88,mAHcNk4DQsto2DLOir6Ky7th/H8=,MpNhI6umKDSjpQxsvgqRy15gn2g=
897,88,mAHcNk4DQsto2DLOir6Ky7th/H8=,MpNhI6umKDSjpQxsvgqRy15gn2g=
896,83,mAHcNk4DQsto2DLOir6Ky7th/H8=,MpNhI6umKDSjpQxsvgqRy15gn2g=
903,81,mAHcNk4DQsto2DLOir6Ky7th/H8=,MpNhI6umKDSjpQxsvgqRy15gn2g=
900,81,mAHcNk4DQsto2DLOir6Ky7th/H8=,MpNhI6umKDSjpQxsvgqRy15gn2g=
896,88,mAHcNk4DQsto2DLOir6Ky7th/H8=,MpNhI6umKDSjpQxsvgqRy15gn2g=
911,87,mAHcNk4DQsto2DLOir6Ky7th/H8=,MpNhI6umKDSjpQxsvgqRy15gn2g=
910,87,mAHcNk4DQsto2DLOir6Ky7th/H8=,MpNhI6umKDSjpQxsvgqRy15gn2g=
903,80,mAHcNk4DQsto2DLOir6Ky7th/H8=,MpNhI6umKDSjpQxsvgqRy15gn2g=
907,85,mAHcNk4DQsto2DLOir6Ky7th/H8=,MpNhI6umKDSjpQxsvgqRy15gn2g=
909,87,mAHcNk4DQsto2DLOir6Ky7th/H8=,MpNhI6umKDSjpQxsvgqRy15gn2g=
908,87,mAHcNk4DQsto2DLOir6Ky7th/H8=,MpNhI6umKDSjpQxsvgqRy15gn2g=
908,85,mAHcNk4DQsto2DLOir6Ky7th/H8=,MpNhI6umKDSjpQxsvgqRy15gn2g=
906,87,mAHcNk4DQsto2DLOir6Ky7th/H8=,MpNhI6umKDSjpQxsvgqRy15gn2g=
907,87,mAHcNk4DQsto2DLOir6Ky7th/H8=,MpNhI6umKDSjpQxsvgqRy15gn2g=
909,85,mAHcNk4DQsto2DLOir6Ky7th/H8=,MpNhI6umKDSjpQxsvgqRy15gn2g=
905,87,mAHcNk4DQsto2DLOir6Ky7th/H8=,MpNhI6umKDSjpQxsvgqRy15gn2g=
910,85,mAHcNk4DQsto2DLOir6Ky7th/H8=,MpNhI6umKDSjpQxsvgqRy15gn2g=
905,80,mAHcNk4DQsto2DLOir6Ky7th/H8=,MpNhI6umKDSjpQxsvgqRy15gn2g=
898,83,mAHcNk4DQsto2DLOir6Ky7th/H8=,MpNhI6umKDSjpQxsvgqRy15gn2g=
911,85,mAHcNk4DQsto2DLOir6Ky7th/H8=,MpNhI6umKDSjpQxsvgqRy15gn2g=
904,87,mAHcNk4DQsto2DLOir6Ky7th/H8=,MpNhI6umKDSjpQxsvgqRy15gn2g=
896,86,mAHcNk4DQsto2DLOir6Ky7th/H8=,MpNhI6umKDSjpQxsvgqRy15gn2g=
903,87,mAHcNk4DQsto2DLOir6Ky7th/H8=,MpNhI6umKDSjpQxsvgqRy15gn2g=
901,81,mAHcNk4DQsto2DLOir6Ky7th/H8=,MpNhI6umKDSjpQxsvgqRy15gn2g=
902,87,mAHcNk4DQsto2DLOir6Ky7th/H8=,MpNhI6umKDSjpQxsvgqRy15gn2g=
901,87,mAHcNk4DQsto2DLOir6Ky7th/H8=,MpNhI6umKDSjpQxsvgqRy15gn2g=
900,87,mAHcNk4DQsto2DLOir6Ky7th/H8=,MpNhI6umKDSjpQxsvgqRy15gn2g=
897,86,mAHcNk4DQsto2DLOir6Ky7th/H8=,MpNhI6umKDSjpQxsvgqRy15gn2g=
899,87,mAHcNk4DQsto2DLOir6Ky7th/H8=,MpNhI6umKDSjpQxsvgqRy15gn2g=
898,87,mAHcNk4DQsto2DLOir6Ky7th/H8=,MpNhI6umKDSjpQxsvgqRy15gn2g=
898,86,mAHcNk4DQsto2DLOir6Ky7th/H8=,MpNhI6umKDSjpQxsvgqRy15gn2g=
897,87,mAHcNk4DQsto2DLOir6Ky7th/H8=,MpNhI6umKDSjpQxsvgqRy15gn2g=
899,86,mAHcNk4DQsto2DLOir6Ky7th/H8=,MpNhI6umKDSjpQxsvgqRy15gn2g=
902,81,mAHcNk4DQsto2DLOir6Ky7th/H8=,MpNhI6umKDSjpQxsvgqRy15gn2g=
896,87,mAHcNk4DQsto2DLOir6Ky7th/H8=,MpNhI6umKDSjpQxsvgqRy15gn2g=
900,86,mAHcNk4DQsto2DLOir6Ky7th/H8=,MpNhI6umKDSjpQxsvgqRy15gn2g=
911,86,mAHcNk4DQsto2DLOir6Ky7th/H8=,MpNhI6umKDSjpQxsvgqRy15gn2g=
910,86,mAHcNk4DQsto2DLOir6Ky7th/H8=,MpNhI6umKDSjpQxsvgqRy15gn2g=
909,86,mAHcNk4DQsto2DLOir6Ky7th/H8=,MpNhI6umKDSjpQxsvgqRy15gn2g=
901,86,mAHcNk4DQsto2DLOir6Ky7th/H8=,MpNhI6umKDSjpQxsvgqRy15gn2g=
902,86,mAHcNk4DQsto2DLOir6Ky7th/H8=,MpNhI6umKDSjpQxsvgqRy15gn2g=
908,86,mAHcNk4DQsto2DLOir6Ky7th/H8=,MpNhI6umKDSjpQxsvgqRy15gn2g=
907,86,mAHcNk4DQsto2DLOir6Ky7th/H8=,MpNhI6umKDSjpQxsvgqRy15gn2g=
903,86,mAHcNk4DQsto2DLOir6Ky7th/H8=,MpNhI6umKDSjpQxsvgqRy15gn2g=
906,86,mAHcNk4DQsto2DLOir6Ky7th/H8=,MpNhI6umKDSjpQxsvgqRy15gn2g=
904,80,mAHcNk4DQsto2DLOir6Ky7th/H8=,MpNhI6umKDSjpQxsvgqRy15gn2g=
904,86,mAHcNk4DQsto2DLOir6Ky7th/H8=,MpNhI6umKDSjpQxsvgqRy15gn2g=
897,83,mAHcNk4DQsto2DLOir6Ky7th/H8=,MpNhI6umKDSjpQxsvgqRy15gn2g=
905,86,mAHcNk4DQsto2DLOir6Ky7th/H8=,MpNhI6umKDSjpQxsvgqRy15gn2g=
915,80,njZuxsoAfvRjCsrgcQRGhoxglco=,QdDY08WhY6CE10bwfgMCgk8zXi0=
926,82,njZuxsoAfvRjCsrgcQRGhoxglco=,QdDY08WhY6CE10bwfgMCgk8zXi0=
927,82,njZuxsoAfvRjCsrgcQRGhoxglco=,QdDY08WhY6CE10bwfgMCgk8zXi0=
912,83,njZuxsoAfvRjCsrgcQRGhoxglco=,QdDY08WhY6CE10bwfgMCgk8zXi0=
913,83,njZuxsoAfvRjCsrgcQRGhoxglco=,QdDY08WhY6CE10bwfgMCgk8zXi0=
914,83,njZuxsoAfvRjCsrgcQRGhoxglco=,QdDY08WhY6CE10bwfgMCgk8zXi0=
915,83,njZuxsoAfvRjCsrgcQRGhoxglco=,QdDY08WhY6CE10bwfgMCgk8zXi0=
912,82,njZuxsoAfvRjCsrgcQRGhoxglco=,QdDY08WhY6CE10bwfgMCgk8zXi0=
916,83,njZuxsoAfvRjCsrgcQRGhoxglco=,QdDY08WhY6CE10bwfgMCgk8zXi0=
916,80,njZuxsoAfvRjCsrgcQRGhoxglco=,QdDY08WhY6CE10bwfgMCgk8zXi0=
917,83,njZuxsoAfvRjCsrgcQRGhoxglco=,QdDY08WhY6CE10bwfgMCgk8zXi0=
918,83,njZuxsoAfvRjCsrgcQRGhoxglco=,QdDY08WhY6CE10bwfgMCgk8zXi0=
919,83,njZuxsoAfvRjCsrgcQRGhoxglco=,QdDY08WhY6CE10bwfgMCgk8zXi0=
920,83,njZuxsoAfvRjCsrgcQRGhoxglco=,QdDY08WhY6CE10bwfgMCgk8zXi0=
922,83,njZuxsoAfvRjCsrgcQRGhoxglco=,QdDY08WhY6CE10bwfgMCgk8zXi0=
921,83,njZuxsoAfvRjCsrgcQRGhoxglco=,QdDY08WhY6CE10bwfgMCgk8zXi0=
923,83,njZuxsoAfvRjCsrgcQRGhoxglco=,QdDY08WhY6CE10bwfgMCgk8zXi0=
924,83,njZuxsoAfvRjCsrgcQRGhoxglco=,QdDY08WhY6CE10bwfgMCgk8zXi0=
925,83,njZuxsoAfvRjCsrgcQRGhoxglco=,QdDY08WhY6CE10bwfgMCgk8zXi0=
926,83,njZuxsoAfvRjCsrgcQRGhoxglco=,QdDY08WhY6CE10bwfgMCgk8zXi0=
927,83,njZuxsoAfvRjCsrgcQRGhoxglco=,QdDY08WhY6CE10bwfgMCgk8zXi0=
913,82,njZuxsoAfvRjCsrgcQRGhoxglco=,QdDY08WhY6CE10bwfgMCgk8zXi0=
912,84,njZuxsoAfvRjCsrgcQRGhoxglco=,QdDY08WhY6CE10bwfgMCgk8zXi0=
913,84,njZuxsoAfvRjCsrgcQRGhoxglco=,QdDY08WhY6CE10bwfgMCgk8zXi0=
915,84,njZuxsoAfvRjCsrgcQRGhoxglco=,QdDY08WhY6CE10bwfgMCgk8zXi0=
914,82,njZuxsoAfvRjCsrgcQRGhoxglco=,QdDY08WhY6CE10bwfgMCgk8zXi0=
914,84,njZuxsoAfvRjCsrgcQRGhoxglco=,QdDY08WhY6CE10bwfgMCgk8zXi0=
916,84,njZuxsoAfvRjCsrgcQRGhoxglco=,QdDY08WhY6CE10bwfgMCgk8zXi0=
917,80,njZuxsoAfvRjCsrgcQRGhoxglco=,QdDY08WhY6CE10bwfgMCgk8zXi0=
917,84,njZuxsoAfvRjCsrgcQRGhoxglco=,QdDY08WhY6CE10bwfgMCgk8zXi0=
918,84,njZuxsoAfvRjCsrgcQRGhoxglco=,QdDY08WhY6CE10bwfgMCgk8zXi0=
927,95,njZuxsoAfvRjCsrgcQRGhoxglco=,QdDY08WhY6CE10bwfgMCgk8zXi0=
919,84,njZuxsoAfvRjCsrgcQRGhoxglco=,QdDY08WhY6CE10bwfgMCgk8zXi0=
920,84,njZuxsoAfvRjCsrgcQRGhoxglco=,QdDY08WhY6CE10bwfgMCgk8zXi0=
926,95,njZuxsoAfvRjCsrgcQRGhoxglco=,QdDY08WhY6CE10bwfgMCgk8zXi0=
925,95,njZuxsoAfvRjCsrgcQRGhoxglco=,QdDY08WhY6CE10bwfgMCgk8zXi0=
923,95,njZuxsoAfvRjCsrgcQRGhoxglco=,QdDY08WhY6CE10bwfgMCgk8zXi0=
924,95,njZuxsoAfvRjCsrgcQRGhoxglco=,QdDY08WhY6CE10bwfgMCgk8zXi0=
922,95,njZuxsoAfvRjCsrgcQRGhoxglco=,QdDY08WhY6CE10bwfgMCgk8zXi0=
917,95,njZuxsoAfvRjCsrgcQRGhoxglco=,QdDY08WhY6CE10bwfgMCgk8zXi0=
919,95,njZuxsoAfvRjCsrgcQRGhoxglco=,QdDY08WhY6CE10bwfgMCgk8zXi0=
916,95,njZuxsoAfvRjCsrgcQRGhoxglco=,QdDY08WhY6CE10bwfgMCgk8zXi0=
925,82,njZuxsoAfvRjCsrgcQRGhoxglco=,QdDY08WhY6CE10bwfgMCgk8zXi0=
913,81,njZuxsoAfvRjCsrgcQRGhoxglco=,QdDY08WhY6CE10bwfgMCgk8zXi0=
921,84,njZuxsoAfvRjCsrgcQRGhoxglco=,QdDY08WhY6CE10bwfgMCgk8zXi0=
913,95,njZuxsoAfvRjCsrgcQRGhoxglco=,QdDY08WhY6CE10bwfgMCgk8zXi0=
927,81,njZuxsoAfvRjCsrgcQRGhoxglco=,QdDY08WhY6CE10bwfgMCgk8zXi0=
912,95,njZuxsoAfvRjCsrgcQRGhoxglco=,QdDY08WhY6CE10bwfgMCgk8zXi0=
921,95,njZuxsoAfvRjCsrgcQRGhoxglco=,QdDY08WhY6CE10bwfgMCgk8zXi0=
926,81,njZuxsoAfvRjCsrgcQRGhoxglco=,QdDY08WhY6CE10bwfgMCgk8zXi0=
925,81,njZuxsoAfvRjCsrgcQRGhoxglco=,QdDY08WhY6CE10bwfgMCgk8zXi0=
924,81,njZuxsoAfvRjCsrgcQRGhoxglco=,QdDY08WhY6CE10bwfgMCgk8zXi0=
922,81,njZuxsoAfvRjCsrgcQRGhoxglco=,QdDY08WhY6CE10bwfgMCgk8zXi0=
923,81,njZuxsoAfvRjCsrgcQRGhoxglco=,QdDY08WhY6CE10bwfgMCgk8zXi0=
921,81,njZuxsoAfvRjCsrgcQRGhoxglco=,QdDY08WhY6CE10bwfgMCgk8zXi0=
919,81,njZuxsoAfvRjCsrgcQRGhoxglco=,QdDY08WhY6CE10bwfgMCgk8zXi0=
920,81,njZuxsoAfvRjCsrgcQRGhoxglco=,QdDY08WhY6CE10bwfgMCgk8zXi0=
918,81,njZuxsoAfvRjCsrgcQRGhoxglco=,QdDY08WhY6CE10bwfgMCgk8zXi0=
917,81,njZuxsoAfvRjCsrgcQRGhoxglco=,QdDY08WhY6CE10bwfgMCgk8zXi0=
916,81,njZuxsoAfvRjCsrgcQRGhoxglco=,QdDY08WhY6CE10bwfgMCgk8zXi0=
915,81,njZuxsoAfvRjCsrgcQRGhoxglco=,QdDY08WhY6CE10bwfgMCgk8zXi0=
914,81,njZuxsoAfvRjCsrgcQRGhoxglco=,QdDY08WhY6CE10bwfgMCgk8zXi0=
914,80,njZuxsoAfvRjCsrgcQRGhoxglco=,QdDY08WhY6CE10bwfgMCgk8zXi0=
920,95,njZuxsoAfvRjCsrgcQRGhoxglco=,QdDY08WhY6CE10bwfgMCgk8zXi0=
924,82,njZuxsoAfvRjCsrgcQRGhoxglco=,QdDY08WhY6CE10bwfgMCgk8zXi0=
927,94,njZuxsoAfvRjCsrgcQRGhoxglco=,QdDY08WhY6CE10bwfgMCgk8zXi0=
918,95,njZuxsoAfvRjCsrgcQRGhoxglco=,QdDY08WhY6CE10bwfgMCgk8zXi0=
922,84,njZuxsoAfvRjCsrgcQRGhoxglco=,QdDY08WhY6CE10bwfgMCgk8zXi0=
923,84,njZuxsoAfvRjCsrgcQRGhoxglco=,QdDY08WhY6CE10bwfgMCgk8zXi0=
926,94,njZuxsoAfvRjCsrgcQRGhoxglco=,QdDY08WhY6CE10bwfgMCgk8zXi0=
921,94,njZuxsoAfvRjCsrgcQRGhoxglco=,QdDY08WhY6CE10bwfgMCgk8zXi0=
923,94,njZuxsoAfvRjCsrgcQRGhoxglco=,QdDY08WhY6CE10bwfgMCgk8zXi0=
920,94,njZuxsoAfvRjCsrgcQRGhoxglco=,QdDY08WhY6CE10bwfgMCgk8zXi0=
924,84,njZuxsoAfvRjCsrgcQRGhoxglco=,QdDY08WhY6CE10bwfgMCgk8zXi0=
919,94,njZuxsoAfvRjCsrgcQRGhoxglco=,QdDY08WhY6CE10bwfgMCgk8zXi0=
925,94,njZuxsoAfvRjCsrgcQRGhoxglco=,QdDY08WhY6CE10bwfgMCgk8zXi0=
924,94,njZuxsoAfvRjCsrgcQRGhoxglco=,QdDY08WhY6CE10bwfgMCgk8zXi0=
918,94,njZuxsoAfvRjCsrgcQRGhoxglco=,QdDY08WhY6CE10bwfgMCgk8zXi0=
917,94,njZuxsoAfvRjCsrgcQRGhoxglco=,QdDY08WhY6CE10bwfgMCgk8zXi0=
912,94,njZuxsoAfvRjCsrgcQRGhoxglco=,QdDY08WhY6CE10bwfgMCgk8zXi0=
913,94,njZuxsoAfvRjCsrgcQRGhoxglco=,QdDY08WhY6CE10bwfgMCgk8zXi0=
912,81,njZuxsoAfvRjCsrgcQRGhoxglco=,QdDY08WhY6CE10bwfgMCgk8zXi0=
922,94,njZuxsoAfvRjCsrgcQRGhoxglco=,QdDY08WhY6CE10bwfgMCgk8zXi0=
927,80,njZuxsoAfvRjCsrgcQRGhoxglco=,QdDY08WhY6CE10bwfgMCgk8zXi0=
923,82,njZuxsoAfvRjCsrgcQRGhoxglco=,QdDY08WhY6CE10bwfgMCgk8zXi0=
925,84,njZuxsoAfvRjCsrgcQRGhoxglco=,QdDY08WhY6CE10bwfgMCgk8zXi0=
916,94,njZuxsoAfvRjCsrgcQRGhoxglco=,QdDY08WhY6CE10bwfgMCgk8zXi0=
914,95,njZuxsoAfvRjCsrgcQRGhoxglco=,QdDY08WhY6CE10bwfgMCgk8zXi0=
926,84,njZuxsoAfvRjCsrgcQRGhoxglco=,QdDY08WhY6CE10bwfgMCgk8zXi0=
923,93,njZuxsoAfvRjCsrgcQRGhoxglco=,QdDY08WhY6CE10bwfgMCgk8zXi0=
927,84,njZuxsoAfvRjCsrgcQRGhoxglco=,QdDY08WhY6CE10bwfgMCgk8zXi0=
924,93,njZuxsoAfvRjCsrgcQRGhoxglco=,QdDY08WhY6CE10bwfgMCgk8zXi0=
915,95,njZuxsoAfvRjCsrgcQRGhoxglco=,QdDY08WhY6CE10bwfgMCgk8zXi0=
918,80,njZuxsoAfvRjCsrgcQRGhoxglco=,QdDY08WhY6CE10bwfgMCgk8zXi0=
912,85,njZuxsoAfvRjCsrgcQRGhoxglco=,QdDY08WhY6CE10bwfgMCgk8zXi0=
913,85,njZuxsoAfvRjCsrgcQRGhoxglco=,QdDY08WhY6CE10bwfgMCgk8zXi0=
914,85,njZuxsoAfvRjCsrgcQRGhoxglco=,QdDY08WhY6CE10bwfgMCgk8zXi0=
915,85,njZuxsoAfvRjCsrgcQRGhoxglco=,QdDY08WhY6CE10bwfgMCgk8zXi0=
919,93,njZuxsoAfvRjCsrgcQRGhoxglco=,QdDY08WhY6CE10bwfgMCgk8zXi0=
916,85,njZuxsoAfvRjCsrgcQRGhoxglco=,QdDY08WhY6CE10bwfgMCgk8zXi0=
915,82,njZuxsoAfvRjCsrgcQRGhoxglco=,QdDY08WhY6CE10bwfgMCgk8zXi0=
922,93,njZuxsoAfvRjCsrgcQRGhoxglco=,QdDY08WhY6CE10bwfgMCgk8zXi0=
917,93,njZuxsoAfvRjCsrgcQRGhoxglco=,QdDY08WhY6CE10bwfgMCgk8zXi0=
917,85,njZuxsoAfvRjCsrgcQRGhoxglco=,QdDY08WhY6CE10bwfgMCgk8zXi0=
919,80,njZuxsoAfvRjCsrgcQRGhoxglco=,QdDY08WhY6CE10bwfgMCgk8zXi0=
916,93,njZuxsoAfvRjCsrgcQRGhoxglco=,QdDY08WhY6CE10bwfgMCgk8zXi0=
913,93,njZuxsoAfvRjCsrgcQRGhoxglco=,QdDY08WhY6CE10bwfgMCgk8zXi0=
913,80,njZuxsoAfvRjCsrgcQRGhoxglco=,QdDY08WhY6CE10bwfgMCgk8zXi0=
920,93,njZuxsoAfvRjCsrgcQRGhoxglco=,QdDY08WhY6CE10bwfgMCgk8zXi0=
912,93,njZuxsoAfvRjCsrgcQRGhoxglco=,QdDY08WhY6CE10bwfgMCgk8zXi0=
912,80,njZuxsoAfvRjCsrgcQRGhoxglco=,QdDY08WhY6CE10bwfgMCgk8zXi0=
915,93,njZuxsoAfvRjCsrgcQRGhoxglco=,QdDY08WhY6CE10bwfgMCgk8zXi0=
914,93,njZuxsoAfvRjCsrgcQRGhoxglco=,QdDY08WhY6CE10bwfgMCgk8zXi0=
926,80,njZuxsoAfvRjCsrgcQRGhoxglco=,QdDY08WhY6CE10bwfgMCgk8zXi0=
918,85,njZuxsoAfvRjCsrgcQRGhoxglco=,QdDY08WhY6CE10bwfgMCgk8zXi0=
922,82,njZuxsoAfvRjCsrgcQRGhoxglco=,QdDY08WhY6CE10bwfgMCgk8zXi0=
927,92,njZuxsoAfvRjCsrgcQRGhoxglco=,QdDY08WhY6CE10bwfgMCgk8zXi0=
918,93,njZuxsoAfvRjCsrgcQRGhoxglco=,QdDY08WhY6CE10bwfgMCgk8zXi0=
925,92,njZuxsoAfvRjCsrgcQRGhoxglco=,QdDY08WhY6CE10bwfgMCgk8zXi0=
924,92,njZuxsoAfvRjCsrgcQRGhoxglco=,QdDY08WhY6CE10bwfgMCgk8zXi0=
919,85,njZuxsoAfvRjCsrgcQRGhoxglco=,QdDY08WhY6CE10bwfgMCgk8zXi0=
922,92,njZuxsoAfvRjCsrgcQRGhoxglco=,QdDY08WhY6CE10bwfgMCgk8zXi0=
921,93,njZuxsoAfvRjCsrgcQRGhoxglco=,QdDY08WhY6CE10bwfgMCgk8zXi0=
921,92,njZuxsoAfvRjCsrgcQRGhoxglco=,QdDY08WhY6CE10bwfgMCgk8zXi0=
920,85,njZuxsoAfvRjCsrgcQRGhoxglco=,QdDY08WhY6CE10bwfgMCgk8zXi0=
920,92,njZuxsoAfvRjCsrgcQRGhoxglco=,QdDY08WhY6CE10bwfgMCgk8zXi0=
921,85,njZuxsoAfvRjCsrgcQRGhoxglco=,QdDY08WhY6CE10bwfgMCgk8zXi0=
916,92,njZuxsoAfvRjCsrgcQRGhoxglco=,QdDY08WhY6CE10bwfgMCgk8zXi0=
917,92,njZuxsoAfvRjCsrgcQRGhoxglco=,QdDY08WhY6CE10bwfgMCgk8zXi0=
919,92,njZuxsoAfvRjCsrgcQRGhoxglco=,QdDY08WhY6CE10bwfgMCgk8zXi0=
922,85,njZuxsoAfvRjCsrgcQRGhoxglco=,QdDY08WhY6CE10bwfgMCgk8zXi0=
913,92,njZuxsoAfvRjCsrgcQRGhoxglco=,QdDY08WhY6CE10bwfgMCgk8zXi0=
914,92,njZuxsoAfvRjCsrgcQRGhoxglco=,QdDY08WhY6CE10bwfgMCgk8zXi0=
915,92,njZuxsoAfvRjCsrgcQRGhoxglco=,QdDY08WhY6CE10bwfgMCgk8zXi0=
923,85,njZuxsoAfvRjCsrgcQRGhoxglco=,QdDY08WhY6CE10bwfgMCgk8zXi0=
912,92,njZuxsoAfvRjCsrgcQRGhoxglco=,QdDY08WhY6CE10bwfgMCgk8zXi0=
926,92,njZuxsoAfvRjCsrgcQRGhoxglco=,QdDY08WhY6CE10bwfgMCgk8zXi0=
924,85,njZuxsoAfvRjCsrgcQRGhoxglco=,QdDY08WhY6CE10bwfgMCgk8zXi0=
926,91,njZuxsoAfvRjCsrgcQRGhoxglco=,QdDY08WhY6CE10bwfgMCgk8zXi0=
925,80,njZuxsoAfvRjCsrgcQRGhoxglco=,QdDY08WhY6CE10bwfgMCgk8zXi0=
927,91,njZuxsoAfvRjCsrgcQRGhoxglco=,QdDY08WhY6CE10bwfgMCgk8zXi0=
921,82,njZuxsoAfvRjCsrgcQRGhoxglco=,QdDY08WhY6CE10bwfgMCgk8zXi0=
925,85,njZuxsoAfvRjCsrgcQRGhoxglco=,QdDY08WhY6CE10bwfgMCgk8zXi0=
925,91,njZuxsoAfvRjCsrgcQRGhoxglco=,QdDY08WhY6CE10bwfgMCgk8zXi0=
926,85,njZuxsoAfvRjCsrgcQRGhoxglco=,QdDY08WhY6CE10bwfgMCgk8zXi0=
927,85,njZuxsoAfvRjCsrgcQRGhoxglco=,QdDY08WhY6CE10bwfgMCgk8zXi0=
913,86,njZuxsoAfvRjCsrgcQRGhoxglco=,QdDY08WhY6CE10bwfgMCgk8zXi0=
914,86,njZuxsoAfvRjCsrgcQRGhoxglco=,QdDY08WhY6CE10bwfgMCgk8zXi0=
912,86,njZuxsoAfvRjCsrgcQRGhoxglco=,QdDY08WhY6CE10bwfgMCgk8zXi0=
915,86,njZuxsoAfvRjCsrgcQRGhoxglco=,QdDY08WhY6CE10bwfgMCgk8zXi0=
923,91,njZuxsoAfvRjCsrgcQRGhoxglco=,QdDY08WhY6CE10bwfgMCgk8zXi0=
922,91,njZuxsoAfvRjCsrgcQRGhoxglco=,QdDY08WhY6CE10bwfgMCgk8zXi0=
923,92,njZuxsoAfvRjCsrgcQRGhoxglco=,QdDY08WhY6CE10bwfgMCgk8zXi0=
921,91,njZuxsoAfvRjCsrgcQRGhoxglco=,QdDY08WhY6CE10bwfgMCgk8zXi0=
916,86,njZuxsoAfvRjCsrgcQRGhoxglco=,QdDY08WhY6CE10bwfgMCgk8zXi0=
918,92,njZuxsoAfvRjCsrgcQRGhoxglco=,QdDY08WhY6CE10bwfgMCgk8zXi0=
919,91,njZuxsoAfvRjCsrgcQRGhoxglco=,QdDY08WhY6CE10bwfgMCgk8zXi0=
920,91,njZuxsoAfvRjCsrgcQRGhoxglco=,QdDY08WhY6CE10bwfgMCgk8zXi0=
924,91,njZuxsoAfvRjCsrgcQRGhoxglco=,QdDY08WhY6CE10bwfgMCgk8zXi0=
917,91,njZuxsoAfvRjCsrgcQRGhoxglco=,QdDY08WhY6CE10bwfgMCgk8zXi0=
912,91,njZuxsoAfvRjCsrgcQRGhoxglco=,QdDY08WhY6CE10bwfgMCgk8zXi0=
917,86,njZuxsoAfvRjCsrgcQRGhoxglco=,QdDY08WhY6CE10bwfgMCgk8zXi0=
916,82,njZuxsoAfvRjCsrgcQRGhoxglco=,QdDY08WhY6CE10bwfgMCgk8zXi0=
914,91,njZuxsoAfvRjCsrgcQRGhoxglco=,QdDY08WhY6CE10bwfgMCgk8zXi0=
915,91,njZuxsoAfvRjCsrgcQRGhoxglco=,QdDY08WhY6CE10bwfgMCgk8zXi0=
918,86,njZuxsoAfvRjCsrgcQRGhoxglco=,QdDY08WhY6CE10bwfgMCgk8zXi0=
920,80,njZuxsoAfvRjCsrgcQRGhoxglco=,QdDY08WhY6CE10bwfgMCgk8zXi0=
913,91,njZuxsoAfvRjCsrgcQRGhoxglco=,QdDY08WhY6CE10bwfgMCgk8zXi0=
927,90,njZuxsoAfvRjCsrgcQRGhoxglco=,QdDY08WhY6CE10bwfgMCgk8zXi0=
926,90,njZuxsoAfvRjCsrgcQRGhoxglco=,QdDY08WhY6CE10bwfgMCgk8zXi0=
924,80,njZuxsoAfvRjCsrgcQRGhoxglco=,QdDY08WhY6CE10bwfgMCgk8zXi0=
918,91,njZuxsoAfvRjCsrgcQRGhoxglco=,QdDY08WhY6CE10bwfgMCgk8zXi0=
920,82,njZuxsoAfvRjCsrgcQRGhoxglco=,QdDY08WhY6CE10bwfgMCgk8zXi0=
925,90,njZuxsoAfvRjCsrgcQRGhoxglco=,QdDY08WhY6CE10bwfgMCgk8zXi0=
916,91,njZuxsoAfvRjCsrgcQRGhoxglco=,QdDY08WhY6CE10bwfgMCgk8zXi0=
923,90,njZuxsoAfvRjCsrgcQRGhoxglco=,QdDY08WhY6CE10bwfgMCgk8zXi0=
914,94,njZuxsoAfvRjCsrgcQRGhoxglco=,QdDY08WhY6CE10bwfgMCgk8zXi0=
922,90,njZuxsoAfvRjCsrgcQRGhoxglco=,QdDY08WhY6CE10bwfgMCgk8zXi0=
920,90,njZuxsoAfvRjCsrgcQRGhoxglco=,QdDY08WhY6CE10bwfgMCgk8zXi0=
925,93,njZuxsoAfvRjCsrgcQRGhoxglco=,QdDY08WhY6CE10bwfgMCgk8zXi0=
918,90,njZuxsoAfvRjCsrgcQRGhoxglco=,QdDY08WhY6CE10bwfgMCgk8zXi0=
913,90,njZuxsoAfvRjCsrgcQRGhoxglco=,QdDY08WhY6CE10bwfgMCgk8zXi0=
916,90,njZuxsoAfvRjCsrgcQRGhoxglco=,QdDY08WhY6CE10bwfgMCgk8zXi0=
912,90,njZuxsoAfvRjCsrgcQRGhoxglco=,QdDY08WhY6CE10bwfgMCgk8zXi0=
914,90,njZuxsoAfvRjCsrgcQRGhoxglco=,QdDY08WhY6CE10bwfgMCgk8zXi0=
924,90,njZuxsoAfvRjCsrgcQRGhoxglco=,QdDY08WhY6CE10bwfgMCgk8zXi0=
915,90,njZuxsoAfvRjCsrgcQRGhoxglco=,QdDY08WhY6CE10bwfgMCgk8zXi0=
921,90,njZuxsoAfvRjCsrgcQRGhoxglco=,QdDY08WhY6CE10bwfgMCgk8zXi0=
927,89,njZuxsoAfvRjCsrgcQRGhoxglco=,QdDY08WhY6CE10bwfgMCgk8zXi0=
923,80,njZuxsoAfvRjCsrgcQRGhoxglco=,QdDY08WhY6CE10bwfgMCgk8zXi0=
926,89,njZuxsoAfvRjCsrgcQRGhoxglco=,QdDY08WhY6CE10bwfgMCgk8zXi0=
925,89,njZuxsoAfvRjCsrgcQRGhoxglco=,QdDY08WhY6CE10bwfgMCgk8zXi0=
919,82,njZuxsoAfvRjCsrgcQRGhoxglco=,QdDY08WhY6CE10bwfgMCgk8zXi0=
923,89,njZuxsoAfvRjCsrgcQRGhoxglco=,QdDY08WhY6CE10bwfgMCgk8zXi0=
921,89,njZuxsoAfvRjCsrgcQRGhoxglco=,QdDY08WhY6CE10bwfgMCgk8zXi0=
920,89,njZuxsoAfvRjCsrgcQRGhoxglco=,QdDY08WhY6CE10bwfgMCgk8zXi0=
917,90,njZuxsoAfvRjCsrgcQRGhoxglco=,QdDY08WhY6CE10bwfgMCgk8zXi0=
919,89,njZuxsoAfvRjCsrgcQRGhoxglco=,QdDY08WhY6CE10bwfgMCgk8zXi0=
918,89,njZuxsoAfvRjCsrgcQRGhoxglco=,QdDY08WhY6CE10bwfgMCgk8zXi0=
913,89,njZuxsoAfvRjCsrgcQRGhoxglco=,QdDY08WhY6CE10bwfgMCgk8zXi0=
912,89,njZuxsoAfvRjCsrgcQRGhoxglco=,QdDY08WhY6CE10bwfgMCgk8zXi0=
922,89,njZuxsoAfvRjCsrgcQRGhoxglco=,QdDY08WhY6CE10bwfgMCgk8zXi0=
917,89,njZuxsoAfvRjCsrgcQRGhoxglco=,QdDY08WhY6CE10bwfgMCgk8zXi0=
914,89,njZuxsoAfvRjCsrgcQRGhoxglco=,QdDY08WhY6CE10bwfgMCgk8zXi0=
924,89,njZuxsoAfvRjCsrgcQRGhoxglco=,QdDY08WhY6CE10bwfgMCgk8zXi0=
915,89,njZuxsoAfvRjCsrgcQRGhoxglco=,QdDY08WhY6CE10bwfgMCgk8zXi0=
927,88,njZuxsoAfvRjCsrgcQRGhoxglco=,QdDY08WhY6CE10bwfgMCgk8zXi0=
924,88,njZuxsoAfvRjCsrgcQRGhoxglco=,QdDY08WhY6CE10bwfgMCgk8zXi0=
922,80,njZuxsoAfvRjCsrgcQRGhoxglco=,QdDY08WhY6CE10bwfgMCgk8zXi0=
923,88,njZuxsoAfvRjCsrgcQRGhoxglco=,QdDY08WhY6CE10bwfgMCgk8zXi0=
921,88,njZuxsoAfvRjCsrgcQRGhoxglco=,QdDY08WhY6CE10bwfgMCgk8zXi0=
916,89,njZuxsoAfvRjCsrgcQRGhoxglco=,QdDY08WhY6CE10bwfgMCgk8zXi0=
918,82,njZuxsoAfvRjCsrgcQRGhoxglco=,QdDY08WhY6CE10bwfgMCgk8zXi0=
927,93,njZuxsoAfvRjCsrgcQRGhoxglco=,QdDY08WhY6CE10bwfgMCgk8zXi0=
922,88,njZuxsoAfvRjCsrgcQRGhoxglco=,QdDY08WhY6CE10bwfgMCgk8zXi0=
926,88,njZuxsoAfvRjCsrgcQRGhoxglco=,QdDY08WhY6CE10bwfgMCgk8zXi0=
920,88,njZuxsoAfvRjCsrgcQRGhoxglco=,QdDY08WhY6CE10bwfgMCgk8zXi0=
913,88,njZuxsoAfvRjCsrgcQRGhoxglco=,QdDY08WhY6CE10bwfgMCgk8zXi0=
919,88,njZuxsoAfvRjCsrgcQRGhoxglco=,QdDY08WhY6CE10bwfgMCgk8zXi0=
919,90,njZuxsoAfvRjCsrgcQRGhoxglco=,QdDY08WhY6CE10bwfgMCgk8zXi0=
912,88,njZuxsoAfvRjCsrgcQRGhoxglco=,QdDY08WhY6CE10bwfgMCgk8zXi0=
918,88,njZuxsoAfvRjCsrgcQRGhoxglco=,QdDY08WhY6CE10bwfgMCgk8zXi0=
914,88,njZuxsoAfvRjCsrgcQRGhoxglco=,QdDY08WhY6CE10bwfgMCgk8zXi0=
924,87,njZuxsoAfvRjCsrgcQRGhoxglco=,QdDY08WhY6CE10bwfgMCgk8zXi0=
927,87,njZuxsoAfvRjCsrgcQRGhoxglco=,QdDY08WhY6CE10bwfgMCgk8zXi0=
925,87,njZuxsoAfvRjCsrgcQRGhoxglco=,QdDY08WhY6CE10bwfgMCgk8zXi0=
923,87,njZuxsoAfvRjCsrgcQRGhoxglco=,QdDY08WhY6CE10bwfgMCgk8zXi0=
921,80,njZuxsoAfvRjCsrgcQRGhoxglco=,QdDY08WhY6CE10bwfgMCgk8zXi0=
926,87,njZuxsoAfvRjCsrgcQRGhoxglco=,QdDY08WhY6CE10bwfgMCgk8zXi0=
917,82,njZuxsoAfvRjCsrgcQRGhoxglco=,QdDY08WhY6CE10bwfgMCgk8zXi0=
921,87,njZuxsoAfvRjCsrgcQRGhoxglco=,QdDY08WhY6CE10bwfgMCgk8zXi0=
922,87,njZuxsoAfvRjCsrgcQRGhoxglco=,QdDY08WhY6CE10bwfgMCgk8zXi0=
920,87,njZuxsoAfvRjCsrgcQRGhoxglco=,QdDY08WhY6CE10bwfgMCgk8zXi0=
919,87,njZuxsoAfvRjCsrgcQRGhoxglco=,QdDY08WhY6CE10bwfgMCgk8zXi0=
914,87,njZuxsoAfvRjCsrgcQRGhoxglco=,QdDY08WhY6CE10bwfgMCgk8zXi0=
913,87,njZuxsoAfvRjCsrgcQRGhoxglco=,QdDY08WhY6CE10bwfgMCgk8zXi0=
912,87,njZuxsoAfvRjCsrgcQRGhoxglco=,QdDY08WhY6CE10bwfgMCgk8zXi0=
915,87,njZuxsoAfvRjCsrgcQRGhoxglco=,QdDY08WhY6CE10bwfgMCgk8zXi0=
918,87,njZuxsoAfvRjCsrgcQRGhoxglco=,QdDY08WhY6CE10bwfgMCgk8zXi0=
916,88,njZuxsoAfvRjCsrgcQRGhoxglco=,QdDY08WhY6CE10bwfgMCgk8zXi0=
915,88,njZuxsoAfvRjCsrgcQRGhoxglco=,QdDY08WhY6CE10bwfgMCgk8zXi0=
915,94,njZuxsoAfvRjCsrgcQRGhoxglco=,QdDY08WhY6CE10bwfgMCgk8zXi0=
926,86,njZuxsoAfvRjCsrgcQRGhoxglco=,QdDY08WhY6CE10bwfgMCgk8zXi0=
927,86,njZuxsoAfvRjCsrgcQRGhoxglco=,QdDY08WhY6CE10bwfgMCgk8zXi0=
926,93,njZuxsoAfvRjCsrgcQRGhoxglco=,QdDY08WhY6CE10bwfgMCgk8zXi0=
924,86,njZuxsoAfvRjCsrgcQRGhoxglco=,QdDY08WhY6CE10bwfgMCgk8zXi0=
917,87,njZuxsoAfvRjCsrgcQRGhoxglco=,QdDY08WhY6CE10bwfgMCgk8zXi0=
921,86,njZuxsoAfvRjCsrgcQRGhoxglco=,QdDY08WhY6CE10bwfgMCgk8zXi0=
919,86,njZuxsoAfvRjCsrgcQRGhoxglco=,QdDY08WhY6CE10bwfgMCgk8zXi0=
916,87,njZuxsoAfvRjCsrgcQRGhoxglco=,QdDY08WhY6CE10bwfgMCgk8zXi0=
922,86,njZuxsoAfvRjCsrgcQRGhoxglco=,QdDY08WhY6CE10bwfgMCgk8zXi0=
923,86,njZuxsoAfvRjCsrgcQRGhoxglco=,QdDY08WhY6CE10bwfgMCgk8zXi0=
920,86,njZuxsoAfvRjCsrgcQRGhoxglco=,QdDY08WhY6CE10bwfgMCgk8zXi0=
925,88,njZuxsoAfvRjCsrgcQRGhoxglco=,QdDY08WhY6CE10bwfgMCgk8zXi0=
925,86,njZuxsoAfvRjCsrgcQRGhoxglco=,QdDY08WhY6CE10bwfgMCgk8zXi0=
917,88,njZuxsoAfvRjCsrgcQRGhoxglco=,QdDY08WhY6CE10bwfgMCgk8zXi0=
915,64,njZuxsoAfvRjCsrgcQRGhoxglco=,iRW24hK4lBR+9bX9VKelv+3vl8w=
927,65,njZuxsoAfvRjCsrgcQRGhoxglco=,iRW24hK4lBR+9bX9VKelv+3vl8w=
924,66,njZuxsoAfvRjCsrgcQRGhoxglco=,iRW24hK4lBR+9bX9VKelv+3vl8w=
925,66,njZuxsoAfvRjCsrgcQRGhoxglco=,iRW24hK4lBR+9bX9VKelv+3vl8w=
923,66,njZuxsoAfvRjCsrgcQRGhoxglco=,iRW24hK4lBR+9bX9VKelv+3vl8w=
922,66,njZuxsoAfvRjCsrgcQRGhoxglco=,iRW24hK4lBR+9bX9VKelv+3vl8w=
921,66,njZuxsoAfvRjCsrgcQRGhoxglco=,iRW24hK4lBR+9bX9VKelv+3vl8w=
920,66,njZuxsoAfvRjCsrgcQRGhoxglco=,iRW24hK4lBR+9bX9VKelv+3vl8w=
919,66,njZuxsoAfvRjCsrgcQRGhoxglco=,iRW24hK4lBR+9bX9VKelv+3vl8w=
918,66,njZuxsoAfvRjCsrgcQRGhoxglco=,iRW24hK4lBR+9bX9VKelv+3vl8w=
917,66,njZuxsoAfvRjCsrgcQRGhoxglco=,iRW24hK4lBR+9bX9VKelv+3vl8w=
916,66,njZuxsoAfvRjCsrgcQRGhoxglco=,iRW24hK4lBR+9bX9VKelv+3vl8w=
924,67,njZuxsoAfvRjCsrgcQRGhoxglco=,iRW24hK4lBR+9bX9VKelv+3vl8w=
915,66,njZuxsoAfvRjCsrgcQRGhoxglco=,iRW24hK4lBR+9bX9VKelv+3vl8w=
926,66,njZuxsoAfvRjCsrgcQRGhoxglco=,iRW24hK4lBR+9bX9VKelv+3vl8w=
914,66,njZuxsoAfvRjCsrgcQRGhoxglco=,iRW24hK4lBR+9bX9VKelv+3vl8w=
916,64,njZuxsoAfvRjCsrgcQRGhoxglco=,iRW24hK4lBR+9bX9VKelv+3vl8w=
913,66,njZuxsoAfvRjCsrgcQRGhoxglco=,iRW24hK4lBR+9bX9VKelv+3vl8w=
925,67,njZuxsoAfvRjCsrgcQRGhoxglco=,iRW24hK4lBR+9bX9VKelv+3vl8w=
927,79,njZuxsoAfvRjCsrgcQRGhoxglco=,iRW24hK4lBR+9bX9VKelv+3vl8w=
926,67,njZuxsoAfvRjCsrgcQRGhoxglco=,iRW24hK4lBR+9bX9VKelv+3vl8w=
927,67,njZuxsoAfvRjCsrgcQRGhoxglco=,iRW24hK4lBR+9bX9VKelv+3vl8w=
926,79,njZuxsoAfvRjCsrgcQRGhoxglco=,iRW24hK4lBR+9bX9VKelv+3vl8w=
912,66,njZuxsoAfvRjCsrgcQRGhoxglco=,iRW24hK4lBR+9bX9VKelv+3vl8w=
917,64,njZuxsoAfvRjCsrgcQRGhoxglco=,iRW24hK4lBR+9bX9VKelv+3vl8w=
923,67,njZuxsoAfvRjCsrgcQRGhoxglco=,iRW24hK4lBR+9bX9VKelv+3vl8w=
912,68,njZuxsoAfvRjCsrgcQRGhoxglco=,iRW24hK4lBR+9bX9VKelv+3vl8w=
914,64,njZuxsoAfvRjCsrgcQRGhoxglco=,iRW24hK4lBR+9bX9VKelv+3vl8w=
914,65,njZuxsoAfvRjCsrgcQRGhoxglco=,iRW24hK4lBR+9bX9VKelv+3vl8w=
913,68,njZuxsoAfvRjCsrgcQRGhoxglco=,iRW24hK4lBR+9bX9VKelv+3vl8w=
922,67,njZuxsoAfvRjCsrgcQRGhoxglco=,iRW24hK4lBR+9bX9VKelv+3vl8w=
925,79,njZuxsoAfvRjCsrgcQRGhoxglco=,iRW24hK4lBR+9bX9VKelv+3vl8w=
914,68,njZuxsoAfvRjCsrgcQRGhoxglco=,iRW24hK4lBR+9bX9VKelv+3vl8w=
924,79,njZuxsoAfvRjCsrgcQRGhoxglco=,iRW24hK4lBR+9bX9VKelv+3vl8w=
915,68,njZuxsoAfvRjCsrgcQRGhoxglco=,iRW24hK4lBR+9bX9VKelv+3vl8w=
916,68,njZuxsoAfvRjCsrgcQRGhoxglco=,iRW24hK4lBR+9bX9VKelv+3vl8w=
923,79,njZuxsoAfvRjCsrgcQRGhoxglco=,iRW24hK4lBR+9bX9VKelv+3vl8w=
917,68,njZuxsoAfvRjCsrgcQRGhoxglco=,iRW24hK4lBR+9bX9VKelv+3vl8w=
918,68,njZuxsoAfvRjCsrgcQRGhoxglco=,iRW24hK4lBR+9bX9VKelv+3vl8w=
922,79,njZuxsoAfvRjCsrgcQRGhoxglco=,iRW24hK4lBR+9bX9VKelv+3vl8w=
919,68,njZuxsoAfvRjCsrgcQRGhoxglco=,iRW24hK4lBR+9bX9VKelv+3vl8w=
921,79,njZuxsoAfvRjCsrgcQRGhoxglco=,iRW24hK4lBR+9bX9VKelv+3vl8w=
920,68,njZuxsoAfvRjCsrgcQRGhoxglco=,iRW24hK4lBR+9bX9VKelv+3vl8w=
920,79,njZuxsoAfvRjCsrgcQRGhoxglco=,iRW24hK4lBR+9bX9VKelv+3vl8w=
921,68,njZuxsoAfvRjCsrgcQRGhoxglco=,iRW24hK4lBR+9bX9VKelv+3vl8w=
919,79,njZuxsoAfvRjCsrgcQRGhoxglco=,iRW24hK4lBR+9bX9VKelv+3vl8w=
922,68,njZuxsoAfvRjCsrgcQRGhoxglco=,iRW24hK4lBR+9bX9VKelv+3vl8w=
927,66,njZuxsoAfvRjCsrgcQRGhoxglco=,iRW24hK4lBR+9bX9VKelv+3vl8w=
918,79,njZuxsoAfvRjCsrgcQRGhoxglco=,iRW24hK4lBR+9bX9VKelv+3vl8w=
923,68,njZuxsoAfvRjCsrgcQRGhoxglco=,iRW24hK4lBR+9bX9VKelv+3vl8w=
917,79,njZuxsoAfvRjCsrgcQRGhoxglco=,iRW24hK4lBR+9bX9VKelv+3vl8w=
918,64,njZuxsoAfvRjCsrgcQRGhoxglco=,iRW24hK4lBR+9bX9VKelv+3vl8w=
924,68,njZuxsoAfvRjCsrgcQRGhoxglco=,iRW24hK4lBR+9bX9VKelv+3vl8w=
916,79,njZuxsoAfvRjCsrgcQRGhoxglco=,iRW24hK4lBR+9bX9VKelv+3vl8w=
915,79,njZuxsoAfvRjCsrgcQRGhoxglco=,iRW24hK4lBR+9bX9VKelv+3vl8w=
925,68,njZuxsoAfvRjCsrgcQRGhoxglco=,iRW24hK4lBR+9bX9VKelv+3vl8w=
914,79,njZuxsoAfvRjCsrgcQRGhoxglco=,iRW24hK4lBR+9bX9VKelv+3vl8w=
927,68,njZuxsoAfvRjCsrgcQRGhoxglco=,iRW24hK4lBR+9bX9VKelv+3vl8w=
926,68,njZuxsoAfvRjCsrgcQRGhoxglco=,iRW24hK4lBR+9bX9VKelv+3vl8w=
913,79,njZuxsoAfvRjCsrgcQRGhoxglco=,iRW24hK4lBR+9bX9VKelv+3vl8w=
926,65,njZuxsoAfvRjCsrgcQRGhoxglco=,iRW24hK4lBR+9bX9VKelv+3vl8w=
915,65,njZuxsoAfvRjCsrgcQRGhoxglco=,iRW24hK4lBR+9bX9VKelv+3vl8w=
912,69,njZuxsoAfvRjCsrgcQRGhoxglco=,iRW24hK4lBR+9bX9VKelv+3vl8w=
913,69,njZuxsoAfvRjCsrgcQRGhoxglco=,iRW24hK4lBR+9bX9VKelv+3vl8w=
912,79,njZuxsoAfvRjCsrgcQRGhoxglco=,iRW24hK4lBR+9bX9VKelv+3vl8w=
914,69,njZuxsoAfvRjCsrgcQRGhoxglco=,iRW24hK4lBR+9bX9VKelv+3vl8w=
927,78,njZuxsoAfvRjCsrgcQRGhoxglco=,iRW24hK4lBR+9bX9VKelv+3vl8w=
915,69,njZuxsoAfvRjCsrgcQRGhoxglco=,iRW24hK4lBR+9bX9VKelv+3vl8w=
926,78,njZuxsoAfvRjCsrgcQRGhoxglco=,iRW24hK4lBR+9bX9VKelv+3vl8w=
916,69,njZuxsoAfvRjCsrgcQRGhoxglco=,iRW24hK4lBR+9bX9VKelv+3vl8w=
925,78,njZuxsoAfvRjCsrgcQRGhoxglco=,iRW24hK4lBR+9bX9VKelv+3vl8w=
917,69,njZuxsoAfvRjCsrgcQRGhoxglco=,iRW24hK4lBR+9bX9VKelv+3vl8w=
924,78,njZuxsoAfvRjCsrgcQRGhoxglco=,iRW24hK4lBR+9bX9VKelv+3vl8w=
918,69,njZuxsoAfvRjCsrgcQRGhoxglco=,iRW24hK4lBR+9bX9VKelv+3vl8w=
919,69,njZuxsoAfvRjCsrgcQRGhoxglco=,iRW24hK4lBR+9bX9VKelv+3vl8w=
923,78,njZuxsoAfvRjCsrgcQRGhoxglco=,iRW24hK4lBR+9bX9VKelv+3vl8w=
920,69,njZuxsoAfvRjCsrgcQRGhoxglco=,iRW24hK4lBR+9bX9VKelv+3vl8w=
922,78,njZuxsoAfvRjCsrgcQRGhoxglco=,iRW24hK4lBR+9bX9VKelv+3vl8w=
921,78,njZuxsoAfvRjCsrgcQRGhoxglco=,iRW24hK4lBR+9bX9VKelv+3vl8w=
922,69,njZuxsoAfvRjCsrgcQRGhoxglco=,iRW24hK4lBR+9bX9VKelv+3vl8w=
921,69,njZuxsoAfvRjCsrgcQRGhoxglco=,iRW24hK4lBR+9bX9VKelv+3vl8w=
920,78,njZuxsoAfvRjCsrgcQRGhoxglco=,iRW24hK4lBR+9bX9VKelv+3vl8w=
912,67,njZuxsoAfvRjCsrgcQRGhoxglco=,iRW24hK4lBR+9bX9VKelv+3vl8w=
919,78,njZuxsoAfvRjCsrgcQRGhoxglco=,iRW24hK4lBR+9bX9VKelv+3vl8w=
916,65,njZuxsoAfvRjCsrgcQRGhoxglco=,iRW24hK4lBR+9bX9VKelv+3vl8w=
918,78,njZuxsoAfvRjCsrgcQRGhoxglco=,iRW24hK4lBR+9bX9VKelv+3vl8w=
919,64,njZuxsoAfvRjCsrgcQRGhoxglco=,iRW24hK4lBR+9bX9VKelv+3vl8w=
917,78,njZuxsoAfvRjCsrgcQRGhoxglco=,iRW24hK4lBR+9bX9VKelv+3vl8w=
916,78,njZuxsoAfvRjCsrgcQRGhoxglco=,iRW24hK4lBR+9bX9VKelv+3vl8w=
923,69,njZuxsoAfvRjCsrgcQRGhoxglco=,iRW24hK4lBR+9bX9VKelv+3vl8w=
915,78,njZuxsoAfvRjCsrgcQRGhoxglco=,iRW24hK4lBR+9bX9VKelv+3vl8w=
924,69,njZuxsoAfvRjCsrgcQRGhoxglco=,iRW24hK4lBR+9bX9VKelv+3vl8w=
925,69,njZuxsoAfvRjCsrgcQRGhoxglco=,iRW24hK4lBR+9bX9VKelv+3vl8w=
914,78,njZuxsoAfvRjCsrgcQRGhoxglco=,iRW24hK4lBR+9bX9VKelv+3vl8w=
926,69,njZuxsoAfvRjCsrgcQRGhoxglco=,iRW24hK4lBR+9bX9VKelv+3vl8w=
913,65,njZuxsoAfvRjCsrgcQRGhoxglco=,iRW24hK4lBR+9bX9VKelv+3vl8w=
927,69,njZuxsoAfvRjCsrgcQRGhoxglco=,iRW24hK4lBR+9bX9VKelv+3vl8w=
921,67,njZuxsoAfvRjCsrgcQRGhoxglco=,iRW24hK4lBR+9bX9VKelv+3vl8w=
912,70,njZuxsoAfvRjCsrgcQRGhoxglco=,iRW24hK4lBR+9bX9VKelv+3vl8w=
913,78,njZuxsoAfvRjCsrgcQRGhoxglco=,iRW24hK4lBR+9bX9VKelv+3vl8w=
917,65,njZuxsoAfvRjCsrgcQRGhoxglco=,iRW24hK4lBR+9bX9VKelv+3vl8w=
913,70,njZuxsoAfvRjCsrgcQRGhoxglco=,iRW24hK4lBR+9bX9VKelv+3vl8w=
912,65,njZuxsoAfvRjCsrgcQRGhoxglco=,iRW24hK4lBR+9bX9VKelv+3vl8w=
914,70,njZuxsoAfvRjCsrgcQRGhoxglco=,iRW24hK4lBR+9bX9VKelv+3vl8w=
912,78,njZuxsoAfvRjCsrgcQRGhoxglco=,iRW24hK4lBR+9bX9VKelv+3vl8w=
915,70,njZuxsoAfvRjCsrgcQRGhoxglco=,iRW24hK4lBR+9bX9VKelv+3vl8w=
913,64,njZuxsoAfvRjCsrgcQRGhoxglco=,iRW24hK4lBR+9bX9VKelv+3vl8w=
916,70,njZuxsoAfvRjCsrgcQRGhoxglco=,iRW24hK4lBR+9bX9VKelv+3vl8w=
927,77,njZuxsoAfvRjCsrgcQRGhoxglco=,iRW24hK4lBR+9bX9VKelv+3vl8w=
917,70,njZuxsoAfvRjCsrgcQRGhoxglco=,iRW24hK4lBR+9bX9VKelv+3vl8w=
925,77,njZuxsoAfvRjCsrgcQRGhoxglco=,iRW24hK4lBR+9bX9VKelv+3vl8w=
926,77,njZuxsoAfvRjCsrgcQRGhoxglco=,iRW24hK4lBR+9bX9VKelv+3vl8w=
924,77,njZuxsoAfvRjCsrgcQRGhoxglco=,iRW24hK4lBR+9bX9VKelv+3vl8w=
919,70,njZuxsoAfvRjCsrgcQRGhoxglco=,iRW24hK4lBR+9bX9VKelv+3vl8w=
920,70,njZuxsoAfvRjCsrgcQRGhoxglco=,iRW24hK4lBR+9bX9VKelv+3vl8w=
923,77,njZuxsoAfvRjCsrgcQRGhoxglco=,iRW24hK4lBR+9bX9VKelv+3vl8w=
922,77,njZuxsoAfvRjCsrgcQRGhoxglco=,iRW24hK4lBR+9bX9VKelv+3vl8w=
921,70,njZuxsoAfvRjCsrgcQRGhoxglco=,iRW24hK4lBR+9bX9VKelv+3vl8w=
921,77,njZuxsoAfvRjCsrgcQRGhoxglco=,iRW24hK4lBR+9bX9VKelv+3vl8w=
913,67,njZuxsoAfvRjCsrgcQRGhoxglco=,iRW24hK4lBR+9bX9VKelv+3vl8w=
920,77,njZuxsoAfvRjCsrgcQRGhoxglco=,iRW24hK4lBR+9bX9VKelv+3vl8w=
920,64,njZuxsoAfvRjCsrgcQRGhoxglco=,iRW24hK4lBR+9bX9VKelv+3vl8w=
918,70,njZuxsoAfvRjCsrgcQRGhoxglco=,iRW24hK4lBR+9bX9VKelv+3vl8w=
919,77,njZuxsoAfvRjCsrgcQRGhoxglco=,iRW24hK4lBR+9bX9VKelv+3vl8w=
922,70,njZuxsoAfvRjCsrgcQRGhoxglco=,iRW24hK4lBR+9bX9VKelv+3vl8w=
918,77,njZuxsoAfvRjCsrgcQRGhoxglco=,iRW24hK4lBR+9bX9VKelv+3vl8w=
923,70,njZuxsoAfvRjCsrgcQRGhoxglco=,iRW24hK4lBR+9bX9VKelv+3vl8w=
917,77,njZuxsoAfvRjCsrgcQRGhoxglco=,iRW24hK4lBR+9bX9VKelv+3vl8w=
924,70,njZuxsoAfvRjCsrgcQRGhoxglco=,iRW24hK4lBR+9bX9VKelv+3vl8w=
916,77,njZuxsoAfvRjCsrgcQRGhoxglco=,iRW24hK4lBR+9bX9VKelv+3vl8w=
925,70,njZuxsoAfvRjCsrgcQRGhoxglco=,iRW24hK4lBR+9bX9VKelv+3vl8w=
915,77,njZuxsoAfvRjCsrgcQRGhoxglco=,iRW24hK4lBR+9bX9VKelv+3vl8w=
926,70,njZuxsoAfvRjCsrgcQRGhoxglco=,iRW24hK4lBR+9bX9VKelv+3vl8w=
927,70,njZuxsoAfvRjCsrgcQRGhoxglco=,iRW24hK4lBR+9bX9VKelv+3vl8w=
925,65,njZuxsoAfvRjCsrgcQRGhoxglco=,iRW24hK4lBR+9bX9VKelv+3vl8w=
927,64,njZuxsoAfvRjCsrgcQRGhoxglco=,iRW24hK4lBR+9bX9VKelv+3vl8w=
912,71,njZuxsoAfvRjCsrgcQRGhoxglco=,iRW24hK4lBR+9bX9VKelv+3vl8w=
912,64,njZuxsoAfvRjCsrgcQRGhoxglco=,iRW24hK4lBR+9bX9VKelv+3vl8w=
918,65,njZuxsoAfvRjCsrgcQRGhoxglco=,iRW24hK4lBR+9bX9VKelv+3vl8w=
920,67,njZuxsoAfvRjCsrgcQRGhoxglco=,iRW24hK4lBR+9bX9VKelv+3vl8w=
913,71,njZuxsoAfvRjCsrgcQRGhoxglco=,iRW24hK4lBR+9bX9VKelv+3vl8w=
914,77,njZuxsoAfvRjCsrgcQRGhoxglco=,iRW24hK4lBR+9bX9VKelv+3vl8w=
914,71,njZuxsoAfvRjCsrgcQRGhoxglco=,iRW24hK4lBR+9bX9VKelv+3vl8w=
913,77,njZuxsoAfvRjCsrgcQRGhoxglco=,iRW24hK4lBR+9bX9VKelv+3vl8w=
924,65,njZuxsoAfvRjCsrgcQRGhoxglco=,iRW24hK4lBR+9bX9VKelv+3vl8w=
915,71,njZuxsoAfvRjCsrgcQRGhoxglco=,iRW24hK4lBR+9bX9VKelv+3vl8w=
916,71,njZuxsoAfvRjCsrgcQRGhoxglco=,iRW24hK4lBR+9bX9VKelv+3vl8w=
917,71,njZuxsoAfvRjCsrgcQRGhoxglco=,iRW24hK4lBR+9bX9VKelv+3vl8w=
912,77,njZuxsoAfvRjCsrgcQRGhoxglco=,iRW24hK4lBR+9bX9VKelv+3vl8w=
918,71,njZuxsoAfvRjCsrgcQRGhoxglco=,iRW24hK4lBR+9bX9VKelv+3vl8w=
927,76,njZuxsoAfvRjCsrgcQRGhoxglco=,iRW24hK4lBR+9bX9VKelv+3vl8w=
919,71,njZuxsoAfvRjCsrgcQRGhoxglco=,iRW24hK4lBR+9bX9VKelv+3vl8w=
926,76,njZuxsoAfvRjCsrgcQRGhoxglco=,iRW24hK4lBR+9bX9VKelv+3vl8w=
925,76,njZuxsoAfvRjCsrgcQRGhoxglco=,iRW24hK4lBR+9bX9VKelv+3vl8w=
914,67,njZuxsoAfvRjCsrgcQRGhoxglco=,iRW24hK4lBR+9bX9VKelv+3vl8w=
924,76,njZuxsoAfvRjCsrgcQRGhoxglco=,iRW24hK4lBR+9bX9VKelv+3vl8w=
921,64,njZuxsoAfvRjCsrgcQRGhoxglco=,iRW24hK4lBR+9bX9VKelv+3vl8w=
921,71,njZuxsoAfvRjCsrgcQRGhoxglco=,iRW24hK4lBR+9bX9VKelv+3vl8w=
923,76,njZuxsoAfvRjCsrgcQRGhoxglco=,iRW24hK4lBR+9bX9VKelv+3vl8w=
920,71,njZuxsoAfvRjCsrgcQRGhoxglco=,iRW24hK4lBR+9bX9VKelv+3vl8w=
922,71,njZuxsoAfvRjCsrgcQRGhoxglco=,iRW24hK4lBR+9bX9VKelv+3vl8w=
922,76,njZuxsoAfvRjCsrgcQRGhoxglco=,iRW24hK4lBR+9bX9VKelv+3vl8w=
923,71,njZuxsoAfvRjCsrgcQRGhoxglco=,iRW24hK4lBR+9bX9VKelv+3vl8w=
924,71,njZuxsoAfvRjCsrgcQRGhoxglco=,iRW24hK4lBR+9bX9VKelv+3vl8w=
921,76,njZuxsoAfvRjCsrgcQRGhoxglco=,iRW24hK4lBR+9bX9VKelv+3vl8w=
920,76,njZuxsoAfvRjCsrgcQRGhoxglco=,iRW24hK4lBR+9bX9VKelv+3vl8w=
925,71,njZuxsoAfvRjCsrgcQRGhoxglco=,iRW24hK4lBR+9bX9VKelv+3vl8w=
919,76,njZuxsoAfvRjCsrgcQRGhoxglco=,iRW24hK4lBR+9bX9VKelv+3vl8w=
926,71,njZuxsoAfvRjCsrgcQRGhoxglco=,iRW24hK4lBR+9bX9VKelv+3vl8w=
927,71,njZuxsoAfvRjCsrgcQRGhoxglco=,iRW24hK4lBR+9bX9VKelv+3vl8w=
912,72,njZuxsoAfvRjCsrgcQRGhoxglco=,iRW24hK4lBR+9bX9VKelv+3vl8w=
918,76,njZuxsoAfvRjCsrgcQRGhoxglco=,iRW24hK4lBR+9bX9VKelv+3vl8w=
919,65,njZuxsoAfvRjCsrgcQRGhoxglco=,iRW24hK4lBR+9bX9VKelv+3vl8w=
916,76,njZuxsoAfvRjCsrgcQRGhoxglco=,iRW24hK4lBR+9bX9VKelv+3vl8w=
917,76,njZuxsoAfvRjCsrgcQRGhoxglco=,iRW24hK4lBR+9bX9VKelv+3vl8w=
913,72,njZuxsoAfvRjCsrgcQRGhoxglco=,iRW24hK4lBR+9bX9VKelv+3vl8w=
926,64,njZuxsoAfvRjCsrgcQRGhoxglco=,iRW24hK4lBR+9bX9VKelv+3vl8w=
914,72,njZuxsoAfvRjCsrgcQRGhoxglco=,iRW24hK4lBR+9bX9VKelv+3vl8w=
919,67,njZuxsoAfvRjCsrgcQRGhoxglco=,iRW24hK4lBR+9bX9VKelv+3vl8w=
915,72,njZuxsoAfvRjCsrgcQRGhoxglco=,iRW24hK4lBR+9bX9VKelv+3vl8w=
916,72,njZuxsoAfvRjCsrgcQRGhoxglco=,iRW24hK4lBR+9bX9VKelv+3vl8w=
915,76,njZuxsoAfvRjCsrgcQRGhoxglco=,iRW24hK4lBR+9bX9VKelv+3vl8w=
914,76,njZuxsoAfvRjCsrgcQRGhoxglco=,iRW24hK4lBR+9bX9VKelv+3vl8w=
917,72,njZuxsoAfvRjCsrgcQRGhoxglco=,iRW24hK4lBR+9bX9VKelv+3vl8w=
918,72,njZuxsoAfvRjCsrgcQRGhoxglco=,iRW24hK4lBR+9bX9VKelv+3vl8w=
913,76,njZuxsoAfvRjCsrgcQRGhoxglco=,iRW24hK4lBR+9bX9VKelv+3vl8w=
919,72,njZuxsoAfvRjCsrgcQRGhoxglco=,iRW24hK4lBR+9bX9VKelv+3vl8w=
923,65,njZuxsoAfvRjCsrgcQRGhoxglco=,iRW24hK4lBR+9bX9VKelv+3vl8w=
912,76,njZuxsoAfvRjCsrgcQRGhoxglco=,iRW24hK4lBR+9bX9VKelv+3vl8w=
915,67,njZuxsoAfvRjCsrgcQRGhoxglco=,iRW24hK4lBR+9bX9VKelv+3vl8w=
927,75,njZuxsoAfvRjCsrgcQRGhoxglco=,iRW24hK4lBR+9bX9VKelv+3vl8w=
920,72,njZuxsoAfvRjCsrgcQRGhoxglco=,iRW24hK4lBR+9bX9VKelv+3vl8w=
922,64,njZuxsoAfvRjCsrgcQRGhoxglco=,iRW24hK4lBR+9bX9VKelv+3vl8w=
926,75,njZuxsoAfvRjCsrgcQRGhoxglco=,iRW24hK4lBR+9bX9VKelv+3vl8w=
925,75,njZuxsoAfvRjCsrgcQRGhoxglco=,iRW24hK4lBR+9bX9VKelv+3vl8w=
921,72,njZuxsoAfvRjCsrgcQRGhoxglco=,iRW24hK4lBR+9bX9VKelv+3vl8w=
924,75,njZuxsoAfvRjCsrgcQRGhoxglco=,iRW24hK4lBR+9bX9VKelv+3vl8w=
922,72,njZuxsoAfvRjCsrgcQRGhoxglco=,iRW24hK4lBR+9bX9VKelv+3vl8w=
923,72,njZuxsoAfvRjCsrgcQRGhoxglco=,iRW24hK4lBR+9bX9VKelv+3vl8w=
923,75,njZuxsoAfvRjCsrgcQRGhoxglco=,iRW24hK4lBR+9bX9VKelv+3vl8w=
924,72,njZuxsoAfvRjCsrgcQRGhoxglco=,iRW24hK4lBR+9bX9VKelv+3vl8w=
922,75,njZuxsoAfvRjCsrgcQRGhoxglco=,iRW24hK4lBR+9bX9VKelv+3vl8w=
921,75,njZuxsoAfvRjCsrgcQRGhoxglco=,iRW24hK4lBR+9bX9VKelv+3vl8w=
925,72,njZuxsoAfvRjCsrgcQRGhoxglco=,iRW24hK4lBR+9bX9VKelv+3vl8w=
926,72,njZuxsoAfvRjCsrgcQRGhoxglco=,iRW24hK4lBR+9bX9VKelv+3vl8w=
920,75,njZuxsoAfvRjCsrgcQRGhoxglco=,iRW24hK4lBR+9bX9VKelv+3vl8w=
927,72,njZuxsoAfvRjCsrgcQRGhoxglco=,iRW24hK4lBR+9bX9VKelv+3vl8w=
919,75,njZuxsoAfvRjCsrgcQRGhoxglco=,iRW24hK4lBR+9bX9VKelv+3vl8w=
918,75,njZuxsoAfvRjCsrgcQRGhoxglco=,iRW24hK4lBR+9bX9VKelv+3vl8w=
912,73,njZuxsoAfvRjCsrgcQRGhoxglco=,iRW24hK4lBR+9bX9VKelv+3vl8w=
917,75,njZuxsoAfvRjCsrgcQRGhoxglco=,iRW24hK4lBR+9bX9VKelv+3vl8w=
920,65,njZuxsoAfvRjCsrgcQRGhoxglco=,iRW24hK4lBR+9bX9VKelv+3vl8w=
925,64,njZuxsoAfvRjCsrgcQRGhoxglco=,iRW24hK4lBR+9bX9VKelv+3vl8w=
913,73,njZuxsoAfvRjCsrgcQRGhoxglco=,iRW24hK4lBR+9bX9VKelv+3vl8w=
918,67,njZuxsoAfvRjCsrgcQRGhoxglco=,iRW24hK4lBR+9bX9VKelv+3vl8w=
916,75,njZuxsoAfvRjCsrgcQRGhoxglco=,iRW24hK4lBR+9bX9VKelv+3vl8w=
914,73,njZuxsoAfvRjCsrgcQRGhoxglco=,iRW24hK4lBR+9bX9VKelv+3vl8w=
915,73,njZuxsoAfvRjCsrgcQRGhoxglco=,iRW24hK4lBR+9bX9VKelv+3vl8w=
915,75,njZuxsoAfvRjCsrgcQRGhoxglco=,iRW24hK4lBR+9bX9VKelv+3vl8w=
916,73,njZuxsoAfvRjCsrgcQRGhoxglco=,iRW24hK4lBR+9bX9VKelv+3vl8w=
914,75,njZuxsoAfvRjCsrgcQRGhoxglco=,iRW24hK4lBR+9bX9VKelv+3vl8w=
917,73,njZuxsoAfvRjCsrgcQRGhoxglco=,iRW24hK4lBR+9bX9VKelv+3vl8w=
913,75,njZuxsoAfvRjCsrgcQRGhoxglco=,iRW24hK4lBR+9bX9VKelv+3vl8w=
918,73,njZuxsoAfvRjCsrgcQRGhoxglco=,iRW24hK4lBR+9bX9VKelv+3vl8w=
922,65,njZuxsoAfvRjCsrgcQRGhoxglco=,iRW24hK4lBR+9bX9VKelv+3vl8w=
916,67,njZuxsoAfvRjCsrgcQRGhoxglco=,iRW24hK4lBR+9bX9VKelv+3vl8w=
912,75,njZuxsoAfvRjCsrgcQRGhoxglco=,iRW24hK4lBR+9bX9VKelv+3vl8w=
923,64,njZuxsoAfvRjCsrgcQRGhoxglco=,iRW24hK4lBR+9bX9VKelv+3vl8w=
927,74,njZuxsoAfvRjCsrgcQRGhoxglco=,iRW24hK4lBR+9bX9VKelv+3vl8w=
919,73,njZuxsoAfvRjCsrgcQRGhoxglco=,iRW24hK4lBR+9bX9VKelv+3vl8w=
926,74,njZuxsoAfvRjCsrgcQRGhoxglco=,iRW24hK4lBR+9bX9VKelv+3vl8w=
920,73,njZuxsoAfvRjCsrgcQRGhoxglco=,iRW24hK4lBR+9bX9VKelv+3vl8w=
921,73,njZuxsoAfvRjCsrgcQRGhoxglco=,iRW24hK4lBR+9bX9VKelv+3vl8w=
924,74,njZuxsoAfvRjCsrgcQRGhoxglco=,iRW24hK4lBR+9bX9VKelv+3vl8w=
925,74,njZuxsoAfvRjCsrgcQRGhoxglco=,iRW24hK4lBR+9bX9VKelv+3vl8w=
922,73,njZuxsoAfvRjCsrgcQRGhoxglco=,iRW24hK4lBR+9bX9VKelv+3vl8w=
923,74,njZuxsoAfvRjCsrgcQRGhoxglco=,iRW24hK4lBR+9bX9VKelv+3vl8w=
923,73,njZuxsoAfvRjCsrgcQRGhoxglco=,iRW24hK4lBR+9bX9VKelv+3vl8w=
922,74,njZuxsoAfvRjCsrgcQRGhoxglco=,iRW24hK4lBR+9bX9VKelv+3vl8w=
924,73,njZuxsoAfvRjCsrgcQRGhoxglco=,iRW24hK4lBR+9bX9VKelv+3vl8w=
921,74,njZuxsoAfvRjCsrgcQRGhoxglco=,iRW24hK4lBR+9bX9VKelv+3vl8w=
920,74,njZuxsoAfvRjCsrgcQRGhoxglco=,iRW24hK4lBR+9bX9VKelv+3vl8w=
925,73,njZuxsoAfvRjCsrgcQRGhoxglco=,iRW24hK4lBR+9bX9VKelv+3vl8w=
926,73,njZuxsoAfvRjCsrgcQRGhoxglco=,iRW24hK4lBR+9bX9VKelv+3vl8w=
927,73,njZuxsoAfvRjCsrgcQRGhoxglco=,iRW24hK4lBR+9bX9VKelv+3vl8w=
919,74,njZuxsoAfvRjCsrgcQRGhoxglco=,iRW24hK4lBR+9bX9VKelv+3vl8w=
912,74,njZuxsoAfvRjCsrgcQRGhoxglco=,iRW24hK4lBR+9bX9VKelv+3vl8w=
918,74,njZuxsoAfvRjCsrgcQRGhoxglco=,iRW24hK4lBR+9bX9VKelv+3vl8w=
921,65,njZuxsoAfvRjCsrgcQRGhoxglco=,iRW24hK4lBR+9bX9VKelv+3vl8w=
924,64,njZuxsoAfvRjCsrgcQRGhoxglco=,iRW24hK4lBR+9bX9VKelv+3vl8w=
913,74,njZuxsoAfvRjCsrgcQRGhoxglco=,iRW24hK4lBR+9bX9VKelv+3vl8w=
914,74,njZuxsoAfvRjCsrgcQRGhoxglco=,iRW24hK4lBR+9bX9VKelv+3vl8w=
917,67,njZuxsoAfvRjCsrgcQRGhoxglco=,iRW24hK4lBR+9bX9VKelv+3vl8w=
915,74,njZuxsoAfvRjCsrgcQRGhoxglco=,iRW24hK4lBR+9bX9VKelv+3vl8w=
917,74,njZuxsoAfvRjCsrgcQRGhoxglco=,iRW24hK4lBR+9bX9VKelv+3vl8w=
916,74,njZuxsoAfvRjCsrgcQRGhoxglco=,iRW24hK4lBR+9bX9VKelv+3vl8w=
