0,0,F0Fj6PZMDBTf1G9BOqZClv3jBkc=,TI0ERpyVclAGL9c1uHjKni0PIoE=
0,1,F0Fj6PZMDBTf1G9BOqZClv3jBkc=,jLLCs70iLQVS5W+ALgc7c4vFhuc=
0,2,F0Fj6PZMDBTf1G9BOqZClv3jBkc=,jLLCs70iLQVS5W+ALgc7c4vFhuc=
0,3,F0Fj6PZMDBTf1G9BOqZClv3jBkc=,jLLCs70iLQVS5W+ALgc7c4vFhuc=
0,4,F0Fj6PZMDBTf1G9BOqZClv3jBkc=,jLLCs70iLQVS5W+ALgc7c4vFhuc=
0,5,F0Fj6PZMDBTf1G9BOqZClv3jBkc=,jLLCs70iLQVS5W+ALgc7c4vFhuc=
0,6,F0Fj6PZMDBTf1G9BOqZClv3jBkc=,jLLCs70iLQVS5W+ALgc7c4vFhuc=
0,7,F0Fj6PZMDBTf1G9BOqZClv3jBkc=,we0Hqj0LGCQVb7++bTvZ0XTzWsk=
0,8,F0Fj6PZMDBTf1G9BOqZClv3jBkc=,5JTOXL3muKqLteGAi0n2oGgx/zg=
0,9,F0Fj6PZMDBTf1G9BOqZClv3jBkc=,SkLMsJieH1q/3WBWVdurf/WqIjw=
0,10,F0Fj6PZMDBTf1G9BOqZClv3jBkc=,9Pz8Nw+WSiHXe+tBp0LSLGbZ678=
0,11,F0Fj6PZMDBTf1G9BOqZClv3jBkc=,FRLX8WTrD5Q1LbFttxm2eU7JlQw=
0,12,F0Fj6PZMDBTf1G9BOqZClv3jBkc=,FRLX8WTrD5Q1LbFttxm2eU7JlQw=
0,13,F0Fj6PZMDBTf1G9BOqZClv3jBkc=,FOeg7QA0KY5pfSzRgdhDMp237I0=
0,14,F0Fj6PZMDBTf1G9BOqZClv3jBkc=,KKP0KC9I3/KsrPRmBQ3UkSzfVe4=
0,15,F0Fj6PZMDBTf1G9BOqZClv3jBkc=,6BQSjNKXlYbGV6OZO3LcATYW7VE=
0,16,F0Fj6PZMDBTf1G9BOqZClv3jBkc=,SsR/+BqTavgStY80Mooxo2mSH/Q=
0,17,F0Fj6PZMDBTf1G9BOqZClv3jBkc=,SsR/+BqTavgStY80Mooxo2mSH/Q=
1,1,F0Fj6PZMDBTf1G9BOqZClv3jBkc=,5QxdfdSiuQoJJt1I/D6AdBNYXXc=
1,0,F0Fj6PZMDBTf1G9BOqZClv3jBkc=,pgiDBmTkaXUgPtRfUvDR9afsoRY=
1,3,F0Fj6PZMDBTf1G9BOqZClv3jBkc=,5QxdfdSiuQoJJt1I/D6AdBNYXXc=
1,2,Txd7j5eVpY98rEG0y3lLrPykjuo=,5QxdfdSiuQoJJt1I/D6AdBNYXXc=
1,5,Txd7j5eVpY98rEG0y3lLrPykjuo=,5QxdfdSiuQoJJt1I/D6AdBNYXXc=
1,4,Txd7j5eVpY98rEG0y3lLrPykjuo=,5QxdfdSiuQoJJt1I/D6AdBNYXXc=
1,7,Txd7j5eVpY98rEG0y3lLrPykjuo=,fzhfZkxIEuiusfRfvqZxpT9WdVQ=
1,6,Txd7j5eVpY98rEG0y3lLrPykjuo=,5QxdfdSiuQoJJt1I/D6AdBNYXXc=
1,9,Txd7j5eVpY98rEG0y3lLrPykjuo=,FRLX8WTrD5Q1LbFttxm2eU7JlQw=
1,8,Txd7j5eVpY98rEG0y3lLrPykjuo=,PWEWeQRlczTCqC+8qaQW3iZ6Ci4=
1,11,Txd7j5eVpY98rEG0y3lLrPykjuo=,FRLX8WTrD5Q1LbFttxm2eU7JlQw=
1,10,Txd7j5eVpY98rEG0y3lLrPykjuo=,FRLX8WTrD5Q1LbFttxm2eU7JlQw=
1,13,Txd7j5eVpY98rEG0y3lLrPykjuo=,NXbaSMi7T9hInizOGiTTyWgCw7k=
1,12,Txd7j5eVpY98rEG0y3lLrPykjuo=,FOeg7QA0KY5pfSzRgdhDMp237I0=
1,15,Txd7j5eVpY98rEG0y3lLrPykjuo=,D+8tc0HyuEdUx2yP78EuzouSU+s=
1,14,Txd7j5eVpY98rEG0y3lLrPykjuo=,MdDb65PQhJKzOySg35+A8IHyiP4=
1,17,Txd7j5eVpY98rEG0y3lLrPykjuo=,SsR/+BqTavgStY80Mooxo2mSH/Q=
1,16,Txd7j5eVpY98rEG0y3lLrPykjuo=,SsR/+BqTavgStY80Mooxo2mSH/Q=
2,2,Txd7j5eVpY98rEG0y3lLrPykjuo=,A00A4kvWYc+5XXl0f49yQmQIQqk=
2,3,Txd7j5eVpY98rEG0y3lLrPykjuo=,A00A4kvWYc+5XXl0f49yQmQIQqk=
2,0,Txd7j5eVpY98rEG0y3lLrPykjuo=,66mK6e5Cmk4gtjD7SHGFRkbdvtY=
2,1,Txd7j5eVpY98rEG0y3lLrPykjuo=,A00A4kvWYc+5XXl0f49yQmQIQqk=
2,6,Txd7j5eVpY98rEG0y3lLrPykjuo=,A00A4kvWYc+5XXl0f49yQmQIQqk=
2,7,Txd7j5eVpY98rEG0y3lLrPykjuo=,8WK6hadCKu/PCzI2OS2m6ZaoAIk=
2,4,Txd7j5eVpY98rEG0y3lLrPykjuo=,A00A4kvWYc+5XXl0f49yQmQIQqk=
2,5,Txd7j5eVpY98rEG0y3lLrPykjuo=,A00A4kvWYc+5XXl0f49yQmQIQqk=
2,10,Txd7j5eVpY98rEG0y3lLrPykjuo=,wvkJlRNuC3M1APENpq2JTgT0fBw=
2,11,Txd7j5eVpY98rEG0y3lLrPykjuo=,wvkJlRNuC3M1APENpq2JTgT0fBw=
2,8,Txd7j5eVpY98rEG0y3lLrPykjuo=,iPz3pp2EhA8IT1W4pejZAgWWkcs=
2,9,Txd7j5eVpY98rEG0y3lLrPykjuo=,wvkJlRNuC3M1APENpq2JTgT0fBw=
2,14,Txd7j5eVpY98rEG0y3lLrPykjuo=,D+8tc0HyuEdUx2yP78EuzouSU+s=
2,15,Txd7j5eVpY98rEG0y3lLrPykjuo=,SsR/+BqTavgStY80Mooxo2mSH/Q=
2,12,Txd7j5eVpY98rEG0y3lLrPykjuo=,wvkJlRNuC3M1APENpq2JTgT0fBw=
2,13,Txd7j5eVpY98rEG0y3lLrPykjuo=,9wtKiDp3ff9QJB54mDiMS5ZTSus=
3,3,Txd7j5eVpY98rEG0y3lLrPykjuo=,w6QeOwnGzBtVMdRR5hBy//aFHJk=
3,2,Txd7j5eVpY98rEG0y3lLrPykjuo=,w6QeOwnGzBtVMdRR5hBy//aFHJk=
3,1,Txd7j5eVpY98rEG0y3lLrPykjuo=,w6QeOwnGzBtVMdRR5hBy//aFHJk=
3,0,Txd7j5eVpY98rEG0y3lLrPykjuo=,iFSSJOdxCoNLtA9Lx1pbvfRGFb8=
3,7,Txd7j5eVpY98rEG0y3lLrPykjuo=,f4lYkV6i99sEKAUbXaaY7oSwKH4=
3,6,Txd7j5eVpY98rEG0y3lLrPykjuo=,w6QeOwnGzBtVMdRR5hBy//aFHJk=
3,5,Txd7j5eVpY98rEG0y3lLrPykjuo=,vDHoLFdRG+ujgnBWDnBW1ZyJ8dY=
3,4,Txd7j5eVpY98rEG0y3lLrPykjuo=,JUQ2n+jtckgbqW/27LINa7458HM=
3,11,Txd7j5eVpY98rEG0y3lLrPykjuo=,SsR/+BqTavgStY80Mooxo2mSH/Q=
3,10,Txd7j5eVpY98rEG0y3lLrPykjuo=,SsR/+BqTavgStY80Mooxo2mSH/Q=
3,9,Txd7j5eVpY98rEG0y3lLrPykjuo=,SsR/+BqTavgStY80Mooxo2mSH/Q=
3,8,Txd7j5eVpY98rEG0y3lLrPykjuo=,SsR/+BqTavgStY80Mooxo2mSH/Q=
3,15,Txd7j5eVpY98rEG0y3lLrPykjuo=,SsR/+BqTavgStY80Mooxo2mSH/Q=
3,14,Txd7j5eVpY98rEG0y3lLrPykjuo=,SsR/+BqTavgStY80Mooxo2mSH/Q=
3,13,Txd7j5eVpY98rEG0y3lLrPykjuo=,SsR/+BqTavgStY80Mooxo2mSH/Q=
3,12,Txd7j5eVpY98rEG0y3lLrPykjuo=,SsR/+BqTavgStY80Mooxo2mSH/Q=
4,4,z6lrRIZqMDevl25nL2abrXbFa6Q=,ibZwjzXBMDsBpbyadSVtORzvgVA=
4,5,z6lrRIZqMDevl25nL2abrXbFa6Q=,9vZNn9kWRRvwaxkdyCEO9Srq4m0=
4,6,z6lrRIZqMDevl25nL2abrXbFa6Q=,LLx9+fC8fkni7sGgc6ZiMs4VU2U=
4,7,z6lrRIZqMDevl25nL2abrXbFa6Q=,hMN3sexptHWEpQDhkUR9XH3yVRU=
4,0,z6lrRIZqMDevl25nL2abrXbFa6Q=,qPelbsmXSPEfpy8rdtzrhVRrQ/8=
4,1,z6lrRIZqMDevl25nL2abrXbFa6Q=,LLx9+fC8fkni7sGgc6ZiMs4VU2U=
4,2,z6lrRIZqMDevl25nL2abrXbFa6Q=,LLx9+fC8fkni7sGgc6ZiMs4VU2U=
4,3,z6lrRIZqMDevl25nL2abrXbFa6Q=,LLx9+fC8fkni7sGgc6ZiMs4VU2U=
4,12,z6lrRIZqMDevl25nL2abrXbFa6Q=,SsR/+BqTavgStY80Mooxo2mSH/Q=
4,13,z6lrRIZqMDevl25nL2abrXbFa6Q=,SsR/+BqTavgStY80Mooxo2mSH/Q=
4,14,z6lrRIZqMDevl25nL2abrXbFa6Q=,SsR/+BqTavgStY80Mooxo2mSH/Q=
4,15,z6lrRIZqMDevl25nL2abrXbFa6Q=,SsR/+BqTavgStY80Mooxo2mSH/Q=
4,8,z6lrRIZqMDevl25nL2abrXbFa6Q=,nij53xBKXInbyikn3R6Dl/03ccU=
4,9,z6lrRIZqMDevl25nL2abrXbFa6Q=,ov3uGBcMKzw3J1DF1e4MJJ04510=
4,10,z6lrRIZqMDevl25nL2abrXbFa6Q=,ov3uGBcMKzw3J1DF1e4MJJ04510=
4,11,z6lrRIZqMDevl25nL2abrXbFa6Q=,TZ9ESm+aupUA05CdtoTHzKj1pQU=
4,16,z6lrRIZqMDevl25nL2abrXbFa6Q=,SsR/+BqTavgStY80Mooxo2mSH/Q=
4,28,z6lrRIZqMDevl25nL2abrXbFa6Q=,uFD0uIKun0JqzYA7KiYljK6JKlk=
4,29,z6lrRIZqMDevl25nL2abrXbFa6Q=,KR4+PQ8RRCOrkEAoplHtmq+SFYg=
4,30,z6lrRIZqMDevl25nL2abrXbFa6Q=,KR4+PQ8RRCOrkEAoplHtmq+SFYg=
4,31,z6lrRIZqMDevl25nL2abrXbFa6Q=,KR4+PQ8RRCOrkEAoplHtmq+SFYg=
4,27,z6lrRIZqMDevl25nL2abrXbFa6Q=,pOfAat0y72HjM7F/USfuGWK0Z8I=
5,5,z6lrRIZqMDevl25nL2abrXbFa6Q=,LLx9+fC8fkni7sGgc6ZiMs4VU2U=
5,4,z6lrRIZqMDevl25nL2abrXbFa6Q=,dy16M1S5QCvXwRX3x+iYDLzr4jY=
5,7,z6lrRIZqMDevl25nL2abrXbFa6Q=,hMN3sexptHWEpQDhkUR9XH3yVRU=
5,6,z6lrRIZqMDevl25nL2abrXbFa6Q=,LLx9+fC8fkni7sGgc6ZiMs4VU2U=
5,1,z6lrRIZqMDevl25nL2abrXbFa6Q=,eMfOq5yPVe6E2/WP/Qj8kpIf2Hk=
5,0,z6lrRIZqMDevl25nL2abrXbFa6Q=,lrIAa+okVbI/dgUGPo7TtXMxvng=
5,3,z6lrRIZqMDevl25nL2abrXbFa6Q=,eMfOq5yPVe6E2/WP/Qj8kpIf2Hk=
5,2,z6lrRIZqMDevl25nL2abrXbFa6Q=,eMfOq5yPVe6E2/WP/Qj8kpIf2Hk=
5,13,z6lrRIZqMDevl25nL2abrXbFa6Q=,ov3uGBcMKzw3J1DF1e4MJJ04510=
5,12,z6lrRIZqMDevl25nL2abrXbFa6Q=,ov3uGBcMKzw3J1DF1e4MJJ04510=
5,15,z6lrRIZqMDevl25nL2abrXbFa6Q=,TZ9ESm+aupUA05CdtoTHzKj1pQU=
5,14,z6lrRIZqMDevl25nL2abrXbFa6Q=,ov3uGBcMKzw3J1DF1e4MJJ04510=
5,9,z6lrRIZqMDevl25nL2abrXbFa6Q=,GV0g1HZzO45tfqxRJK2bEuQqWGo=
5,8,z6lrRIZqMDevl25nL2abrXbFa6Q=,5X7ZV1r/HsuPCbUctPFj4oJKZCw=
5,11,z6lrRIZqMDevl25nL2abrXbFa6Q=,m8mwlEDwINeZLJJqFMCxiP52pME=
5,10,z6lrRIZqMDevl25nL2abrXbFa6Q=,GV0g1HZzO45tfqxRJK2bEuQqWGo=
5,21,z6lrRIZqMDevl25nL2abrXbFa6Q=,SsR/+BqTavgStY80Mooxo2mSH/Q=
5,20,z6lrRIZqMDevl25nL2abrXbFa6Q=,SsR/+BqTavgStY80Mooxo2mSH/Q=
5,23,z6lrRIZqMDevl25nL2abrXbFa6Q=,XJDsYEAmpVvbnjT+IsdPG7SkPkk=
5,22,z6lrRIZqMDevl25nL2abrXbFa6Q=,SsR/+BqTavgStY80Mooxo2mSH/Q=
5,17,z6lrRIZqMDevl25nL2abrXbFa6Q=,SsR/+BqTavgStY80Mooxo2mSH/Q=
5,16,z6lrRIZqMDevl25nL2abrXbFa6Q=,SsR/+BqTavgStY80Mooxo2mSH/Q=
5,19,z6lrRIZqMDevl25nL2abrXbFa6Q=,SsR/+BqTavgStY80Mooxo2mSH/Q=
5,18,z6lrRIZqMDevl25nL2abrXbFa6Q=,SsR/+BqTavgStY80Mooxo2mSH/Q=
5,29,z6lrRIZqMDevl25nL2abrXbFa6Q=,KR4+PQ8RRCOrkEAoplHtmq+SFYg=
5,28,z6lrRIZqMDevl25nL2abrXbFa6Q=,KR4+PQ8RRCOrkEAoplHtmq+SFYg=
5,31,z6lrRIZqMDevl25nL2abrXbFa6Q=,KR4+PQ8RRCOrkEAoplHtmq+SFYg=
5,30,z6lrRIZqMDevl25nL2abrXbFa6Q=,KR4+PQ8RRCOrkEAoplHtmq+SFYg=
5,25,z6lrRIZqMDevl25nL2abrXbFa6Q=,uFD0uIKun0JqzYA7KiYljK6JKlk=
5,24,8ZDLJy8eVKz8JKJaylZEOtWTEaQ=,pOfAat0y72HjM7F/USfuGWK0Z8I=
5,27,8ZDLJy8eVKz8JKJaylZEOtWTEaQ=,KR4+PQ8RRCOrkEAoplHtmq+SFYg=
5,26,8ZDLJy8eVKz8JKJaylZEOtWTEaQ=,KR4+PQ8RRCOrkEAoplHtmq+SFYg=
6,6,8ZDLJy8eVKz8JKJaylZEOtWTEaQ=,eMfOq5yPVe6E2/WP/Qj8kpIf2Hk=
6,7,8ZDLJy8eVKz8JKJaylZEOtWTEaQ=,147G50Ea5EpfRLLWWsr0NigqvAc=
6,4,8ZDLJy8eVKz8JKJaylZEOtWTEaQ=,lrIAa+okVbI/dgUGPo7TtXMxvng=
6,5,8ZDLJy8eVKz8JKJaylZEOtWTEaQ=,eMfOq5yPVe6E2/WP/Qj8kpIf2Hk=
6,2,8ZDLJy8eVKz8JKJaylZEOtWTEaQ=,VSCZo+xODXKpunepeGQoRhSYcY8=
6,3,8ZDLJy8eVKz8JKJaylZEOtWTEaQ=,lrIAa+okVbI/dgUGPo7TtXMxvng=
6,0,8ZDLJy8eVKz8JKJaylZEOtWTEaQ=,VSCZo+xODXKpunepeGQoRhSYcY8=
6,1,8ZDLJy8eVKz8JKJaylZEOtWTEaQ=,VSCZo+xODXKpunepeGQoRhSYcY8=
6,14,8ZDLJy8eVKz8JKJaylZEOtWTEaQ=,GV0g1HZzO45tfqxRJK2bEuQqWGo=
6,15,8ZDLJy8eVKz8JKJaylZEOtWTEaQ=,z5g0/uMZooUa3+M7P1SDn0tr/CU=
6,12,8ZDLJy8eVKz8JKJaylZEOtWTEaQ=,GV0g1HZzO45tfqxRJK2bEuQqWGo=
6,13,8ZDLJy8eVKz8JKJaylZEOtWTEaQ=,GV0g1HZzO45tfqxRJK2bEuQqWGo=
6,10,8ZDLJy8eVKz8JKJaylZEOtWTEaQ=,Fy4OKmYb5wHrpg44ZvpQT+OZD0Y=
6,11,8ZDLJy8eVKz8JKJaylZEOtWTEaQ=,GV0g1HZzO45tfqxRJK2bEuQqWGo=
6,8,8ZDLJy8eVKz8JKJaylZEOtWTEaQ=,v458Tn1CR6s+wxttlRo0ANVv0eA=
6,9,8ZDLJy8eVKz8JKJaylZEOtWTEaQ=,JqA9Ia/E6l1uWLlQUlrDlNbqnOQ=
6,22,8ZDLJy8eVKz8JKJaylZEOtWTEaQ=,SsR/+BqTavgStY80Mooxo2mSH/Q=
6,23,8ZDLJy8eVKz8JKJaylZEOtWTEaQ=,SsR/+BqTavgStY80Mooxo2mSH/Q=
6,20,8ZDLJy8eVKz8JKJaylZEOtWTEaQ=,SsR/+BqTavgStY80Mooxo2mSH/Q=
6,21,8ZDLJy8eVKz8JKJaylZEOtWTEaQ=,SsR/+BqTavgStY80Mooxo2mSH/Q=
6,18,8ZDLJy8eVKz8JKJaylZEOtWTEaQ=,SsR/+BqTavgStY80Mooxo2mSH/Q=
6,19,8ZDLJy8eVKz8JKJaylZEOtWTEaQ=,SsR/+BqTavgStY80Mooxo2mSH/Q=
6,16,8ZDLJy8eVKz8JKJaylZEOtWTEaQ=,SsR/+BqTavgStY80Mooxo2mSH/Q=
6,17,8ZDLJy8eVKz8JKJaylZEOtWTEaQ=,SsR/+BqTavgStY80Mooxo2mSH/Q=
6,30,8ZDLJy8eVKz8JKJaylZEOtWTEaQ=,KR4+PQ8RRCOrkEAoplHtmq+SFYg=
6,31,8ZDLJy8eVKz8JKJaylZEOtWTEaQ=,KR4+PQ8RRCOrkEAoplHtmq+SFYg=
6,28,8ZDLJy8eVKz8JKJaylZEOtWTEaQ=,KR4+PQ8RRCOrkEAoplHtmq+SFYg=
6,29,8ZDLJy8eVKz8JKJaylZEOtWTEaQ=,KR4+PQ8RRCOrkEAoplHtmq+SFYg=
6,26,8ZDLJy8eVKz8JKJaylZEOtWTEaQ=,KR4+PQ8RRCOrkEAoplHtmq+SFYg=
6,27,8ZDLJy8eVKz8JKJaylZEOtWTEaQ=,KR4+PQ8RRCOrkEAoplHtmq+SFYg=
6,24,8ZDLJy8eVKz8JKJaylZEOtWTEaQ=,KR4+PQ8RRCOrkEAoplHtmq+SFYg=
6,25,8ZDLJy8eVKz8JKJaylZEOtWTEaQ=,KR4+PQ8RRCOrkEAoplHtmq+SFYg=
7,7,8ZDLJy8eVKz8JKJaylZEOtWTEaQ=,VSCZo+xODXKpunepeGQoRhSYcY8=
7,6,8ZDLJy8eVKz8JKJaylZEOtWTEaQ=,VSCZo+xODXKpunepeGQoRhSYcY8=
7,5,8ZDLJy8eVKz8JKJaylZEOtWTEaQ=,VSCZo+xODXKpunepeGQoRhSYcY8=
7,4,8ZDLJy8eVKz8JKJaylZEOtWTEaQ=,VSCZo+xODXKpunepeGQoRhSYcY8=
7,3,8ZDLJy8eVKz8JKJaylZEOtWTEaQ=,VSCZo+xODXKpunepeGQoRhSYcY8=
7,2,8ZDLJy8eVKz8JKJaylZEOtWTEaQ=,VSCZo+xODXKpunepeGQoRhSYcY8=
7,1,8ZDLJy8eVKz8JKJaylZEOtWTEaQ=,VSCZo+xODXKpunepeGQoRhSYcY8=
7,0,8ZDLJy8eVKz8JKJaylZEOtWTEaQ=,VSCZo+xODXKpunepeGQoRhSYcY8=
7,15,8ZDLJy8eVKz8JKJaylZEOtWTEaQ=,t+CAM5kMc2jqlD8NKUzURCXcWko=
7,14,8ZDLJy8eVKz8JKJaylZEOtWTEaQ=,F9QB9xi7BMLJRrYO4JaH/Ry8Yz8=
7,13,8ZDLJy8eVKz8JKJaylZEOtWTEaQ=,F9QB9xi7BMLJRrYO4JaH/Ry8Yz8=
7,12,8ZDLJy8eVKz8JKJaylZEOtWTEaQ=,F9QB9xi7BMLJRrYO4JaH/Ry8Yz8=
7,11,8ZDLJy8eVKz8JKJaylZEOtWTEaQ=,F9QB9xi7BMLJRrYO4JaH/Ry8Yz8=
7,10,8ZDLJy8eVKz8JKJaylZEOtWTEaQ=,0pkWFiLbgbU2+/k/W9e/JZ0B9Zs=
7,9,8ZDLJy8eVKz8JKJaylZEOtWTEaQ=,wvkJlRNuC3M1APENpq2JTgT0fBw=
7,8,8ZDLJy8eVKz8JKJaylZEOtWTEaQ=,iPz3pp2EhA8IT1W4pejZAgWWkcs=
7,23,8ZDLJy8eVKz8JKJaylZEOtWTEaQ=,SsR/+BqTavgStY80Mooxo2mSH/Q=
7,22,8ZDLJy8eVKz8JKJaylZEOtWTEaQ=,SsR/+BqTavgStY80Mooxo2mSH/Q=
7,21,8ZDLJy8eVKz8JKJaylZEOtWTEaQ=,SsR/+BqTavgStY80Mooxo2mSH/Q=
7,20,8ZDLJy8eVKz8JKJaylZEOtWTEaQ=,SsR/+BqTavgStY80Mooxo2mSH/Q=
7,19,8ZDLJy8eVKz8JKJaylZEOtWTEaQ=,SsR/+BqTavgStY80Mooxo2mSH/Q=
7,18,8ZDLJy8eVKz8JKJaylZEOtWTEaQ=,SsR/+BqTavgStY80Mooxo2mSH/Q=
7,17,8ZDLJy8eVKz8JKJaylZEOtWTEaQ=,SsR/+BqTavgStY80Mooxo2mSH/Q=
7,16,8ZDLJy8eVKz8JKJaylZEOtWTEaQ=,SsR/+BqTavgStY80Mooxo2mSH/Q=
7,28,8ZDLJy8eVKz8JKJaylZEOtWTEaQ=,uFD0uIKun0JqzYA7KiYljK6JKlk=
7,27,8ZDLJy8eVKz8JKJaylZEOtWTEaQ=,KR4+PQ8RRCOrkEAoplHtmq+SFYg=
7,26,X/OSQX4D5XHVTTvPYYUOGDwrC6E=,KR4+PQ8RRCOrkEAoplHtmq+SFYg=
7,25,X/OSQX4D5XHVTTvPYYUOGDwrC6E=,KR4+PQ8RRCOrkEAoplHtmq+SFYg=
7,24,X/OSQX4D5XHVTTvPYYUOGDwrC6E=,KR4+PQ8RRCOrkEAoplHtmq+SFYg=
8,8,X/OSQX4D5XHVTTvPYYUOGDwrC6E=,SklOcmAyNZHyKr44G0XNKOf74uY=
8,9,X/OSQX4D5XHVTTvPYYUOGDwrC6E=,SklOcmAyNZHyKr44G0XNKOf74uY=
8,10,X/OSQX4D5XHVTTvPYYUOGDwrC6E=,SklOcmAyNZHyKr44G0XNKOf74uY=
8,11,X/OSQX4D5XHVTTvPYYUOGDwrC6E=,SklOcmAyNZHyKr44G0XNKOf74uY=
8,12,X/OSQX4D5XHVTTvPYYUOGDwrC6E=,SklOcmAyNZHyKr44G0XNKOf74uY=
8,13,X/OSQX4D5XHVTTvPYYUOGDwrC6E=,SklOcmAyNZHyKr44G0XNKOf74uY=
8,14,X/OSQX4D5XHVTTvPYYUOGDwrC6E=,SklOcmAyNZHyKr44G0XNKOf74uY=
8,15,X/OSQX4D5XHVTTvPYYUOGDwrC6E=,SklOcmAyNZHyKr44G0XNKOf74uY=
8,0,X/OSQX4D5XHVTTvPYYUOGDwrC6E=,aZ5RY9wlk+y3N5U1ovioF0ZkSUQ=
8,1,X/OSQX4D5XHVTTvPYYUOGDwrC6E=,aZ5RY9wlk+y3N5U1ovioF0ZkSUQ=
8,2,X/OSQX4D5XHVTTvPYYUOGDwrC6E=,i1Ny1Yjth/ascbu36lJ+1QB70Pc=
8,3,X/OSQX4D5XHVTTvPYYUOGDwrC6E=,D3r6hSFJhCN9msqk3w+Bp/ZgwDk=
8,4,X/OSQX4D5XHVTTvPYYUOGDwrC6E=,D3r6hSFJhCN9msqk3w+Bp/ZgwDk=
8,5,X/OSQX4D5XHVTTvPYYUOGDwrC6E=,oZr627mI5She6fPYwPWi1WLt5pY=
8,6,X/OSQX4D5XHVTTvPYYUOGDwrC6E=,U8qWdCp72KQqG8AjVxRoXzMJQMs=
8,7,X/OSQX4D5XHVTTvPYYUOGDwrC6E=,J0G1RoRRxgqo1kcdnQxs6+oj50k=
8,24,X/OSQX4D5XHVTTvPYYUOGDwrC6E=,quMaBQkmuIjd1pztcL3kyMhSjW4=
8,25,X/OSQX4D5XHVTTvPYYUOGDwrC6E=,quMaBQkmuIjd1pztcL3kyMhSjW4=
8,16,X/OSQX4D5XHVTTvPYYUOGDwrC6E=,w/M+UOL0CWWrftbfNEokP3SpDhI=
9,9,X/OSQX4D5XHVTTvPYYUOGDwrC6E=,SklOcmAyNZHyKr44G0XNKOf74uY=
9,8,X/OSQX4D5XHVTTvPYYUOGDwrC6E=,SklOcmAyNZHyKr44G0XNKOf74uY=
9,11,X/OSQX4D5XHVTTvPYYUOGDwrC6E=,KX9a4b6F1k9kOLbqWR7IUnzhsNU=
9,10,X/OSQX4D5XHVTTvPYYUOGDwrC6E=,4OEm77clNOtqpW/BStnhe9/euoY=
9,13,X/OSQX4D5XHVTTvPYYUOGDwrC6E=,SklOcmAyNZHyKr44G0XNKOf74uY=
9,12,X/OSQX4D5XHVTTvPYYUOGDwrC6E=,SklOcmAyNZHyKr44G0XNKOf74uY=
9,1,X/OSQX4D5XHVTTvPYYUOGDwrC6E=,D3r6hSFJhCN9msqk3w+Bp/ZgwDk=
9,0,X/OSQX4D5XHVTTvPYYUOGDwrC6E=,i1Ny1Yjth/ascbu36lJ+1QB70Pc=
9,3,X/OSQX4D5XHVTTvPYYUOGDwrC6E=,xln0SVMqDCPrbmD72HWD6tkXfv8=
9,2,X/OSQX4D5XHVTTvPYYUOGDwrC6E=,2mcM+F36vX5jQ+Uix6d6r3FJDeE=
9,5,X/OSQX4D5XHVTTvPYYUOGDwrC6E=,A6VujXHqXkJf27NeJRYAFlRtryE=
9,4,X/OSQX4D5XHVTTvPYYUOGDwrC6E=,Xbdx/EJ6O94GiI3z2/Ewa0fhPvk=
9,7,X/OSQX4D5XHVTTvPYYUOGDwrC6E=,/0UCmGyMfVIKH+ID0OTqJFQq8C0=
9,6,X/OSQX4D5XHVTTvPYYUOGDwrC6E=,Nye43L4Vh4cEnE6tNAgUiE9MVS8=
10,10,X/OSQX4D5XHVTTvPYYUOGDwrC6E=,xmBsY/lXHolS0xbW+zBOeqtRmI4=
10,11,X/OSQX4D5XHVTTvPYYUOGDwrC6E=,kvre1M2eyp4vHWx6/q/aVPEdUeE=
10,8,X/OSQX4D5XHVTTvPYYUOGDwrC6E=,SklOcmAyNZHyKr44G0XNKOf74uY=
10,9,X/OSQX4D5XHVTTvPYYUOGDwrC6E=,4OEm77clNOtqpW/BStnhe9/euoY=
10,12,X/OSQX4D5XHVTTvPYYUOGDwrC6E=,vDI8t6rjVQbpOZ//OiHqFrSqHx0=
10,13,X/OSQX4D5XHVTTvPYYUOGDwrC6E=,hf/zvcQvLzCuXhqmUFS80D67lSE=
10,2,X/OSQX4D5XHVTTvPYYUOGDwrC6E=,Xbdx/EJ6O94GiI3z2/Ewa0fhPvk=
10,3,X/OSQX4D5XHVTTvPYYUOGDwrC6E=,/0UCmGyMfVIKH+ID0OTqJFQq8C0=
10,0,X/OSQX4D5XHVTTvPYYUOGDwrC6E=,uuFQYfHKDJo+6iLdqWFSo1gpcSs=
10,1,X/OSQX4D5XHVTTvPYYUOGDwrC6E=,xln0SVMqDCPrbmD72HWD6tkXfv8=
10,6,X/OSQX4D5XHVTTvPYYUOGDwrC6E=,4DqUpagi9YPymb3eCjMNlRANL2s=
10,7,X/OSQX4D5XHVTTvPYYUOGDwrC6E=,aZ5RY9wlk+y3N5U1ovioF0ZkSUQ=
10,4,X/OSQX4D5XHVTTvPYYUOGDwrC6E=,aZ5RY9wlk+y3N5U1ovioF0ZkSUQ=
10,5,X/OSQX4D5XHVTTvPYYUOGDwrC6E=,Qz8poTn0nds/xTzJn1DokBFnHuM=
11,11,X/OSQX4D5XHVTTvPYYUOGDwrC6E=,/2Mxiq6ZpfMrF7VAkUHT9pVed8A=
11,10,X/OSQX4D5XHVTTvPYYUOGDwrC6E=,KR4+PQ8RRCOrkEAoplHtmq+SFYg=
11,9,X/OSQX4D5XHVTTvPYYUOGDwrC6E=,BPCDlQmlHJmi0pVw8DHJtTgjwMQ=
11,8,X/OSQX4D5XHVTTvPYYUOGDwrC6E=,SklOcmAyNZHyKr44G0XNKOf74uY=
11,12,X/OSQX4D5XHVTTvPYYUOGDwrC6E=,ZVx7NkF1MNJ/olk0bhvht1LfiR4=
11,3,X/OSQX4D5XHVTTvPYYUOGDwrC6E=,aZ5RY9wlk+y3N5U1ovioF0ZkSUQ=
11,2,X/OSQX4D5XHVTTvPYYUOGDwrC6E=,aZ5RY9wlk+y3N5U1ovioF0ZkSUQ=
11,1,X/OSQX4D5XHVTTvPYYUOGDwrC6E=,SdFiDXhy0qDzN0SxVXlcB42hVVc=
11,0,JQmFLap0MwvLN9b6PBkSiKTNknI=,uuFQYfHKDJo+6iLdqWFSo1gpcSs=
11,7,JQmFLap0MwvLN9b6PBkSiKTNknI=,FhfT8W4gmvQvUnr82N/ZkwRGMmQ=
11,6,JQmFLap0MwvLN9b6PBkSiKTNknI=,wfhxjGm4WXn0dp0UUrpuKFLcZp8=
11,5,JQmFLap0MwvLN9b6PBkSiKTNknI=,Qz8poTn0nds/xTzJn1DokBFnHuM=
11,4,JQmFLap0MwvLN9b6PBkSiKTNknI=,aZ5RY9wlk+y3N5U1ovioF0ZkSUQ=
12,12,JQmFLap0MwvLN9b6PBkSiKTNknI=,HtzYRNQzpPFf045p3S4Nm5WjNBk=
12,8,JQmFLap0MwvLN9b6PBkSiKTNknI=,WfBq8YNBsP64iGqQpgYSV172Mcw=
12,9,JQmFLap0MwvLN9b6PBkSiKTNknI=,Re1SY3Kst25FIzm38krhfEpSTJg=
12,10,JQmFLap0MwvLN9b6PBkSiKTNknI=,pOfAat0y72HjM7F/USfuGWK0Z8I=
12,11,JQmFLap0MwvLN9b6PBkSiKTNknI=,ZVx7NkF1MNJ/olk0bhvht1LfiR4=
12,4,JQmFLap0MwvLN9b6PBkSiKTNknI=,IE+jDO9vV1aa1cgxOqCb2ro6oik=
12,5,JQmFLap0MwvLN9b6PBkSiKTNknI=,BWk0b/zYmxFDwehzwJ1SLFyfhds=
12,6,JQmFLap0MwvLN9b6PBkSiKTNknI=,TpbA/qWlEZLe4TWEdyLfbzf3Dtc=
12,7,JQmFLap0MwvLN9b6PBkSiKTNknI=,4DqUpagi9YPymb3eCjMNlRANL2s=
12,0,JQmFLap0MwvLN9b6PBkSiKTNknI=,U2rI8aMaSSsMO01BSXo8co9bwQw=
12,1,JQmFLap0MwvLN9b6PBkSiKTNknI=,/0UCmGyMfVIKH+ID0OTqJFQq8C0=
12,2,JQmFLap0MwvLN9b6PBkSiKTNknI=,aZ5RY9wlk+y3N5U1ovioF0ZkSUQ=
12,3,JQmFLap0MwvLN9b6PBkSiKTNknI=,aZ5RY9wlk+y3N5U1ovioF0ZkSUQ=
13,5,JQmFLap0MwvLN9b6PBkSiKTNknI=,bvYvQXER4rz7N4qTj6uw3kb0ThM=
13,4,JQmFLap0MwvLN9b6PBkSiKTNknI=,Qz8poTn0nds/xTzJn1DokBFnHuM=
13,7,JQmFLap0MwvLN9b6PBkSiKTNknI=,p5ct1rV/MJK5gFCJUIWtVA8/DKQ=
13,6,JQmFLap0MwvLN9b6PBkSiKTNknI=,IvsCOcqvHvXnmgM7+biXm5P6qO4=
13,1,JQmFLap0MwvLN9b6PBkSiKTNknI=,aZ5RY9wlk+y3N5U1ovioF0ZkSUQ=
13,0,JQmFLap0MwvLN9b6PBkSiKTNknI=,aZ5RY9wlk+y3N5U1ovioF0ZkSUQ=
13,3,JQmFLap0MwvLN9b6PBkSiKTNknI=,aZ5RY9wlk+y3N5U1ovioF0ZkSUQ=
13,2,JQmFLap0MwvLN9b6PBkSiKTNknI=,aZ5RY9wlk+y3N5U1ovioF0ZkSUQ=
14,6,JQmFLap0MwvLN9b6PBkSiKTNknI=,aZ5RY9wlk+y3N5U1ovioF0ZkSUQ=
14,7,JQmFLap0MwvLN9b6PBkSiKTNknI=,w/M+UOL0CWWrftbfNEokP3SpDhI=
14,4,JQmFLap0MwvLN9b6PBkSiKTNknI=,BWk0b/zYmxFDwehzwJ1SLFyfhds=
14,5,JQmFLap0MwvLN9b6PBkSiKTNknI=,4DqUpagi9YPymb3eCjMNlRANL2s=
14,2,JQmFLap0MwvLN9b6PBkSiKTNknI=,F5lEfGD6k1cwC/cUFe7JNVQVP+I=
14,3,JQmFLap0MwvLN9b6PBkSiKTNknI=,AxAJkCUpgk0TjZ9HjAfzexo9pfM=
14,0,JQmFLap0MwvLN9b6PBkSiKTNknI=,DfBQs3AmcOtWBBvu+BuOVeI0Fio=
14,1,JQmFLap0MwvLN9b6PBkSiKTNknI=,F5lEfGD6k1cwC/cUFe7JNVQVP+I=
15,6,JQmFLap0MwvLN9b6PBkSiKTNknI=,aZ5RY9wlk+y3N5U1ovioF0ZkSUQ=
15,5,JQmFLap0MwvLN9b6PBkSiKTNknI=,p5ct1rV/MJK5gFCJUIWtVA8/DKQ=
15,4,JQmFLap0MwvLN9b6PBkSiKTNknI=,IvsCOcqvHvXnmgM7+biXm5P6qO4=
15,3,JQmFLap0MwvLN9b6PBkSiKTNknI=,b6UqAcJGOlzaTidGkZOh6ACrdRc=
15,2,JQmFLap0MwvLN9b6PBkSiKTNknI=,T10hGuAeQKjoh1/qRnjk/5GhCrg=
15,1,JQmFLap0MwvLN9b6PBkSiKTNknI=,T10hGuAeQKjoh1/qRnjk/5GhCrg=
15,0,JQmFLap0MwvLN9b6PBkSiKTNknI=,Mc5X+vLKF6w0qVM58+Bl11L9LuU=
16,0,60FXKtyD18eBd8EHdiFtl0qbiFg=,ZHtdQyg/zTVwy7QhFkJ3U2HM9pk=
16,1,60FXKtyD18eBd8EHdiFtl0qbiFg=,ZHtdQyg/zTVwy7QhFkJ3U2HM9pk=
16,2,60FXKtyD18eBd8EHdiFtl0qbiFg=,ZHtdQyg/zTVwy7QhFkJ3U2HM9pk=
16,3,60FXKtyD18eBd8EHdiFtl0qbiFg=,ZHtdQyg/zTVwy7QhFkJ3U2HM9pk=
16,4,60FXKtyD18eBd8EHdiFtl0qbiFg=,ZHtdQyg/zTVwy7QhFkJ3U2HM9pk=
16,5,60FXKtyD18eBd8EHdiFtl0qbiFg=,ZHtdQyg/zTVwy7QhFkJ3U2HM9pk=
16,6,60FXKtyD18eBd8EHdiFtl0qbiFg=,ZHtdQyg/zTVwy7QhFkJ3U2HM9pk=
17,1,60FXKtyD18eBd8EHdiFtl0qbiFg=,ZHtdQyg/zTVwy7QhFkJ3U2HM9pk=
17,0,60FXKtyD18eBd8EHdiFtl0qbiFg=,ZHtdQyg/zTVwy7QhFkJ3U2HM9pk=
17,3,60FXKtyD18eBd8EHdiFtl0qbiFg=,eZ6KspVjO27XQUNpYpI/nKFOjk0=
17,2,60FXKtyD18eBd8EHdiFtl0qbiFg=,YZovsHlNbT6v5t2fJoxa5KG+9sE=
17,5,60FXKtyD18eBd8EHdiFtl0qbiFg=,xP+GB3+7qWhsCe8/8DTBa04Cx/4=
17,4,60FXKtyD18eBd8EHdiFtl0qbiFg=,eZ6KspVjO27XQUNpYpI/nKFOjk0=
17,6,60FXKtyD18eBd8EHdiFtl0qbiFg=,WAsr79SfdwS3iN1C2Zz4pTLPh+s=
18,2,60FXKtyD18eBd8EHdiFtl0qbiFg=,759ZBDmfSv+rOLGRI3mvaFvA1y0=
18,3,60FXKtyD18eBd8EHdiFtl0qbiFg=,6haL7Gg9uerHil0jOXHDAleZWrM=
18,0,60FXKtyD18eBd8EHdiFtl0qbiFg=,ZHtdQyg/zTVwy7QhFkJ3U2HM9pk=
18,1,60FXKtyD18eBd8EHdiFtl0qbiFg=,ZHtdQyg/zTVwy7QhFkJ3U2HM9pk=
18,4,60FXKtyD18eBd8EHdiFtl0qbiFg=,6haL7Gg9uerHil0jOXHDAleZWrM=
18,5,60FXKtyD18eBd8EHdiFtl0qbiFg=,ENXwZX4jZS+ChGgchy2kG3McShE=
18,10,60FXKtyD18eBd8EHdiFtl0qbiFg=,OxJeO4q6DbMIZQfuIWIDMWB4eaU=
18,11,60FXKtyD18eBd8EHdiFtl0qbiFg=,OxJeO4q6DbMIZQfuIWIDMWB4eaU=
18,8,60FXKtyD18eBd8EHdiFtl0qbiFg=,OxJeO4q6DbMIZQfuIWIDMWB4eaU=
18,9,60FXKtyD18eBd8EHdiFtl0qbiFg=,OxJeO4q6DbMIZQfuIWIDMWB4eaU=
19,3,60FXKtyD18eBd8EHdiFtl0qbiFg=,6haL7Gg9uerHil0jOXHDAleZWrM=
19,2,60FXKtyD18eBd8EHdiFtl0qbiFg=,759ZBDmfSv+rOLGRI3mvaFvA1y0=
19,1,60FXKtyD18eBd8EHdiFtl0qbiFg=,ZHtdQyg/zTVwy7QhFkJ3U2HM9pk=
19,0,60FXKtyD18eBd8EHdiFtl0qbiFg=,ZHtdQyg/zTVwy7QhFkJ3U2HM9pk=
19,5,60FXKtyD18eBd8EHdiFtl0qbiFg=,ENXwZX4jZS+ChGgchy2kG3McShE=
19,4,60FXKtyD18eBd8EHdiFtl0qbiFg=,6haL7Gg9uerHil0jOXHDAleZWrM=
19,11,60FXKtyD18eBd8EHdiFtl0qbiFg=,OxJeO4q6DbMIZQfuIWIDMWB4eaU=
19,10,60FXKtyD18eBd8EHdiFtl0qbiFg=,OxJeO4q6DbMIZQfuIWIDMWB4eaU=
19,9,60FXKtyD18eBd8EHdiFtl0qbiFg=,OxJeO4q6DbMIZQfuIWIDMWB4eaU=
19,8,60FXKtyD18eBd8EHdiFtl0qbiFg=,OxJeO4q6DbMIZQfuIWIDMWB4eaU=
20,4,60FXKtyD18eBd8EHdiFtl0qbiFg=,27mjAF31Pkes8ftae/WH1aLd204=
20,5,60FXKtyD18eBd8EHdiFtl0qbiFg=,+49uBclmj7uXDDmpIbLNSHyifBg=
20,0,60FXKtyD18eBd8EHdiFtl0qbiFg=,ZHtdQyg/zTVwy7QhFkJ3U2HM9pk=
20,1,60FXKtyD18eBd8EHdiFtl0qbiFg=,ZHtdQyg/zTVwy7QhFkJ3U2HM9pk=
20,2,60FXKtyD18eBd8EHdiFtl0qbiFg=,wJo1E4dK4bvGNPL8gM0c0IU9DNY=
20,3,60FXKtyD18eBd8EHdiFtl0qbiFg=,/IXdpfuxBMPWrHcaG8WvXf/bHe4=
20,8,60FXKtyD18eBd8EHdiFtl0qbiFg=,OxJeO4q6DbMIZQfuIWIDMWB4eaU=
20,9,60FXKtyD18eBd8EHdiFtl0qbiFg=,OxJeO4q6DbMIZQfuIWIDMWB4eaU=
20,10,60FXKtyD18eBd8EHdiFtl0qbiFg=,OxJeO4q6DbMIZQfuIWIDMWB4eaU=
20,11,60FXKtyD18eBd8EHdiFtl0qbiFg=,OxJeO4q6DbMIZQfuIWIDMWB4eaU=
21,5,60FXKtyD18eBd8EHdiFtl0qbiFg=,RF4YkSW/sbFXHPz7fhXt4leX1sE=
21,4,60FXKtyD18eBd8EHdiFtl0qbiFg=,ZMxjeTh/DGCueEQpO3z2iwF44W0=
21,3,60FXKtyD18eBd8EHdiFtl0qbiFg=,t5i8raFZLaUtDhcfhZJhv8ppSRA=
21,2,60FXKtyD18eBd8EHdiFtl0qbiFg=,RF4YkSW/sbFXHPz7fhXt4leX1sE=
21,9,60FXKtyD18eBd8EHdiFtl0qbiFg=,l60vJjeomvdTgnrZTAGrV17rBqs=
21,10,+zJmSA7OOi1EBxX1Lvm/zO+FvnI=,l60vJjeomvdTgnrZTAGrV17rBqs=
28,0,+zJmSA7OOi1EBxX1Lvm/zO+FvnI=,2PNAuUT2V/bI0Wh+fOGCwzbCbyI=
29,0,+zJmSA7OOi1EBxX1Lvm/zO+FvnI=,2PNAuUT2V/bI0Wh+fOGCwzbCbyI=
30,0,+zJmSA7OOi1EBxX1Lvm/zO+FvnI=,HLTU6CO5H2tEc1kSEOfvU4gmIvs=
